S31508000000708C00202D030008A16E00087965000891
S315080000109D6E00082D24000891800008000000004D
S315080000200000000000000000000000001170000839
S31508000030D525000800000000116F00088970000827
S31508000040470300084703000847030008470300085A
S31508000050470300084703000847030008470300084A
S31508000060470300084703000847030008312400082F
S31508000070412400085124000861240008712400085E
S3150800008081240008470300084703000847030008BF
S3150800009047030008E9250008F92500084703000872
S315080000A047030008470300084703000847030008FA
S315080000B047030008470300084703000847030008EA
S315080000C047030008470300084703000847030008DA
S315080000D0470300084980000847030008470300084B
S315080000E047030008470300084703000847030008BA
S315080000F047030008470300084703000847030008AA
S315080001004703000847030008470300084703000899
S315080001102971000847030008470300084703000839
S315080001204703000847030008470300084703000879
S315080001304703000847030008470300084703000869
S315080001404703000847030008470300084703000859
S315080001504703000847030008470300084703000849
S315080001604703000847030008470300084703000839
S315080001704703000847030008470300084703000829
S315080001804703000847030008470300084703000819
S315080001904703000800000000092600081926000881
S315080001A0292600083926000847030008A165000823
S315080001B047030008470300084703000847030008E9
S315080001C047030008470300084703000847030008D9
S315080001D0470300084703000800F002F800F096F805
S315080001E00AA090E8000C82448344AAF10107DA4584
S315080001F001D100F08BF8AFF2090EBAE80F0013F040
S31508000200010F18BFFB1A43F00103184768D4000012
S3150800021088D40000103A24BF78C878C1FAD85207A3
S3150800022024BF30C830C144BF04680C607047000062
S315080002300023002400250026103A28BF78C1FBD8E1
S31508000240520728BF30C148BF0B6070476E2900F0BF
S315080002501382702900F0618366290DF032806529C2
S315080002600DF02F8067290DF02C8061290DF02B8069
S3150800027003681B0A28BF41F08001692900F0C08184
S31508000280642900F0BD81752900F0BA816F2900F054
S31508000290EF82782900F02D83E92900F08982E42984
S315080002A000F08682F52900F08382EF2900F0EC82BF
S315080002B0F82900F02C830368DB0928BF41F0800188
S315080002C0632901F0CD80732901F0D280E32901F07A
S315080002D0DD80F32901F0E280002070471FB50CF09D
S315080002E0DBFF9DE8030000F0F3F801F041FC040091
S315080002F0002000210CF0C8FD401C60600020002191
S315080003000CF0ACFDE0601FBD10B510BD01F003FC9C
S315080003101146FFF7E3FF08F087FB01F0F7FC03B48B
S31508000320FFF7F2FF03BC07F03BFF000009488047D0
S3150800033009480047FEE7FEE7FEE7FEE7FEE7FEE7B9
S31508000340FEE7FEE7FEE7FEE704480549054A064BD1
S315080003507047000015710008D9010008705C00207C
S31508000360708C0020707C0020707C002070B5A0FB8B
S315080003700140B4F1805170F1000024BF002070BD27
S31508000380204600F007F805001CBF214600F0EAFBEE
S31508000390284670BD70B5064600F07EF8056806F179
S315080003A00B0020F00704B4429CBF002070BD2B460A
S315080003B06A68BAB11068A04210D304F108018842ED
S315080003C03CBF5068586007D35168101941601168DE
S315080003D0091B016058601460101D70BD13465268F1
S315080003E0002AE7D12146284600F05EF80028DED12B
S315080003F070BD70B50446051F00F04EF80068002C65
S3150800040014BF446870BD002C18BFAC423CBF2046E0
S315080004106468F8D301680A18AA4218BF456003D170
S315080004202A6805461144016028684119A1421CBF83
S315080004306C6070BD6168696021680844286070BD99
S315080004400FB4014610B504AA039800F041F910BC90
S315080004505DF814FB10B5431C02E010F8011B71B1DE
S315080004608107FAD14FF0013202C88C1A8C4314EA7C
S31508000470C211F9D0C01A0A0603D0C01E10BDC01A90
S3150800048010BD0A0401D0801E10BD0902FCD0401E12
S3150800049010BD7047704770470048704780000020BD
S315080004A0704770477047704738B504460A460020BB
S315080004B06946AFF30080002808BF38BD0246009998
S315080004C0204600F075FB012038BD012001F0F4BA82
S315080004D0F8B5AFF30080054600200C460C2000BF97
S315080004E00646A819A0420DD9324669460020AFF340
S315080004F00080070008BF01F0DFFA0098A04218BF85
S315080005000546C419FFF7C8FF05600746F01D20F029
S3150800051007004619284600F00AF8B44208BFF8BD95
S31508000520A21B31463868BDE8F84000F041BB0021FF
S315080005300160416070470C20704770B504468569B4
S315080005400068C10601D5302600E02026C00707D07E
S3150800055070BDD4E9012130469047206A401C2062CC
S315080005606D1EF6D570BD70B5044685690078C0075E
S3150800057007D170BDD4E9012120209047206A401C8C
S3150800058020626D1EF6D570BD09684A0501D540B2D0
S315080005907047C905FCD500B2704709684A0501D5F8
S315080005A0C0B27047C905FCD580B2704770B50C4615
S315080005B00546012A05D02878800600D5EA69002371
S315080005C002E0012305E05B1C934202D2E05C0028AE
S315080005D0F9D1A869E618C01AA861286A18442862D9
S315080005E02846FFF7AAFF04E0D5E9012114F8010B14
S315080005F09047B442F8D32846FFF7B5FF70BD000010
S315080006002DE9F0410646002410687529314616A5DD
S3150800061010D0FFF7B9FF002802DA404213A507E019
S3150800062031688A0701D512A502E0490704D511A544
S31508000630012401E0FFF7B1FF00210A2206F1240791
S3150800064009E0B0FBF2FCB0FBF2F302FB1C00303011
S3150800065078541846491C0028F3D123462A463046C2
S31508000660BDE8F04100F00CBB000000002D000000C2
S315080006702B0000002000000011680268006A53057C
S3150800068001D508700AE0D30501D5088006E01306EF
S3150800069003D5C217C1E9000200E0086001207047CF
S315080006A001694A1C02610878704700B58FB0CDE928
S315080006B001310021059105497944CDE90310114618
S315080006C0684600F035F90FB000BD0000E5FFFFFFF2
S315080006D0074B70B50D467B44FFF7E7FF04462846EF
S315080006E001F0C2F910B14FF0FF3070BD204670BD61
S315080006F04F8100002DE9FF5F15468A460446DFF85C
S31508000700AC80F8440027D8E900103E46CDE9001031
S3150800071010E03AF816106A4602A801F0A9F9411C39
S3150800072007D02178890603D5E269391891420DD890
S315080007300744761C2078800602D5E069B84205DDB4
S31508000740AE42E6DB3AF816000028E2D1A069C01BE3
S31508000750A0612046FFF7F1FED8E90010CDE90010A8
S31508000760002017E03AF818106A4602A801F080F946
S31508000770B0F1FF3F81460BD000250DF1080B05E0CF
S31508000780D4E901211BF8050090476D1C4D45F7D3A8
S3150800079008F10100B0428046E4DB206A3844206252
S315080007A02046FFF7E0FEBDE8FF9F0000C2CC000030
S315080007B02DE9F0418046D21D22F007020025D2E934
S315080007C00002F52915A614D0011E72F1000106DAF9
S315080007D00023D0EB030063EB020211A608E0D8F869
S315080007E000108B0701D50FA602E0490701D50EA612
S315080007F001251146002408F1240704E000F0F2F967
S3150800080030323A55641C50EA0102F7D12B4632467B
S3150800081021464046BDE8F04100F032BA000000002B
S315080008202D0000002B0000002000000030B400213D
S3150800083000F1240408E002F00705D208303542EA40
S315080008404372DB086554491C52EA0305F3D1046870
S31508000850002310A2250708D504F020040C4304D071
S31508000860C46901230CA2641EC46130BC00F008BA36
S3150800087010B5044621461068FFF78FFE024620464B
S31508000880BDE810400023D1E7D21D22F00701D1E9C7
S315080008900023CBE70000000030000000F0B40D464E
S315080008A00188090502D5214C7C4402E01F4C7C4492
S315080008B00E34002100F1240608E002F00F071209A1
S315080008C0E75D42EA03721B097754491C52EA03079B
S315080008D0F3D102780023120704D5702D06D009B18A
S315080008E0022311342246F0BC00F0CAB901231034A1
S315080008F0F8E770B504460D4621461068FFF74DFE29
S31508000900024629462046BDE870400023C6E7D21DA8
S3150800091022F00703D3E90023C0E70368126843F00F
S31508000920200303600823C3610023B7E724CB000034
S315080009302DE9F05F894604464FF0000ADFF874B1E6
S31508000940FB44C0F820A02046E1688847002874D0F8
S31508000950252806D0D4E901219047206A401C206248
S31508000960F1E700265F462046E168884720280546C5
S3150800097007DB312D05D2781910F8200C08B106438B
S31508000980F1E7B00701D526F00406C4F81CA0002735
S31508000990C4F818A02A2D09D028460CF010FA38B346
S315080009A004EB8708303DC8F8185019E059F8041BBD
S315080009B0204604EB87029161E1688847012F0546C6
S315080009C018D1E069002820DA26F020061DE0D8F8BC
S315080009D0180000EB800005EB40003038C8F8180016
S315080009E02046E168884705460CF0E9F90028EED16B
S315080009F0012F0AD02E2D08D12046E16888477F1C92
S31508000A000546022F46F02006C4DBA069002803DA53
S31508000A10404246F00106A061F00701D026F0100614
S31508000A206C2D0BD0682D09D04C2D39D06A2D35D0B8
S31508000A30742D35D07A2D33D016E038E0E1682F468C
S31508000A4020468847B842054609D16C2F26D04FF470
S31508000A508060E168064320468847054604E06C2F17
S31508000A601AD04FF4807006430DB3A5F1410019283A
S31508000A7002D8203546F400664A46294620462660AE
S31508000A804E46FFF7E3FB80B101280BD0F61D26F092
S31508000A90070000F1080956E74020E4E78020D8E778
S31508000AA00020D6E706F104094DE7284652E7206AF2
S31508000AB0BDE8F09FB4CA0000426842B1016811F867
S31508000AC0013B23B1521EC0E90012184670470121A6
S31508000AD0C160881E704742685AB1C368016843B945
S31508000AE083688B4205D0491E521CC0E900120020BB
S31508000AF070474FF0FF3070470023036000F07EBF59
S31508000B0010B5203AC0F00B80B1E81850A0E818508C
S31508000B10B1E81850A0E81850203ABFF4F5AF5FEADC
S31508000B20027C24BFB1E81850A0E8185044BF18C981
S31508000B3018C0BDE810405FEA827C24BF51F8043B28
S31508000B4040F8043B08BF7047D20728BF31F8023B7C
S31508000B5048BF11F8012B28BF20F8023B48BF00F810
S31508000B60012B70474FF000020429C0F0128010F0E4
S31508000B70030C00F0AA87CCF1040CBCF1020F18BFD5
S31508000B8000F8012BA8BF20F8022BA1EB0C0100F0FE
S31508000B909CBF5FEAC17C24BF00F8012B00F8012B3B
S31508000BA048BF00F8012B70470048704778000020BE
S31508000BB0034640688C46002818BF88423CBF034657
S31508000BC04068F8D318681844884207D00CF1030027
S31508000BD020F00700001D411A521A0146081D0A6036
S31508000BE0FFF707BC30B5B0F10A0271F100034FEA0E
S31508000BF0900E4EEA817EB0EB0E0061EB91014FEA52
S31508000C00101E4EEA017E10EB0E0041EB11114FEA61
S31508000C10102E4EEA016E10EB0E0041EB11214FEA41
S31508000C20104E4EEA014E10EB0E0041EB11414018F2
S31508000C3041F100014FEAD00040EA41704FEAD10184
S31508000C404FEA810444EA907410EB800544EB0104F2
S31508000C506D1944EB0404521BA3414FF0000348BF2F
S31508000C600A3200D530BD401C41F1000130BD10B537
S31508000C70044600F075FF0068005D00F0010010BD35
S31508000C802DE9F0470D4699469246044600F1240898
S31508000C900168880604D5E06921F01001216000E0AA
S31508000CA00120A84201DD471B00E00027A1697A1947
S31508000CB002EB0900081AA0612078C00602D4204673
S31508000CC0FFF73BFC002608E0D4E901211AF80600E4
S31508000CD09047206A401C761C20624E45F4DB20783B
S31508000CE0C0060AD52046FFF728FC06E0D4E901210C
S31508000CF030209047206A401C2062381EA7F1010761
S31508000D00F4DC07E0D4E9012118F805009047206AC9
S31508000D10401C2062281EA5F10105F3DC2046FFF7DA
S31508000D2022FC2078000602D50220BDE8F0870120C3
S31508000D30FBE72DE9FF4F0C461E464FF0FF378BB0F9
S31508000D40D2E90001DDF860800A908A46C1F30A55A7
S31508000D5005B93D46002108464FF00000BAF1000FDC
S31508000D6000F4400005DA00EB80004FF4400101EA88
S31508000D7050004FEA9059B9F1010F00DDB9460A98BB
S31508000D8050EA4A000ED044F61050A5F2FF35454306
S31508000D902F14B8F1000F1ED07542291E1EDDC9F1A9
S31508000DA000021CE0B8F1010F4FF0000001D030211D
S31508000DB003E0F24305E02154401CB042FBDB304619
S31508000DC00022002121540B99C1F80880C1E90020AE
S31508000DD00FB0BDE8F08FBD1B6D1CDEE74A4600DA92
S31508000DE0694206A800F020FF06AB93E8070003ABAC
S31508000DF083E8070050460A990BF06DFA8DE807005C
S31508000E00A0F500501F3800900398002D0ADD42F225
S31508000E101F014A460844002303A9039068460BF0BD
S31508000E2019FD09E0A0F500504A461F38002303A91A
S31508000E30039068460BF038FD8DE807000004000CA7
S31508000E4003D04FF0FF30410800E01046B8F1000F1C
S31508000E5003D00022009215461EE0751E05D4FFF742
S31508000E60C1FE303262556D1EF9D5B34601220843DC
S31508000E7002D000227F1C04E02078302801D100220D
S31508000E807F1E002A099784D01DE0112D07DAFFF787
S31508000E90A9FE303262556D1C50EA0102F5D10843AD
S31508000EA002D00098C8B10EE00021681E05E0235C58
S31508000EB0625C63542254401E491C8142F7DBAB46F0
S31508000EC0A81B401E0990002004F80B000B98099AED
S31508000ED0C0F80880C0E9002B7AE711264FF0000811
S31508000EE057E72DE9F04F88460446D21D22F0070140
S31508000EF091B0D1E90001CDE90A010BF021FE0246C5
S31508000F000B98C00F01D02D2007E02068810701D576
S31508000F102B2002E0202101EAC000032A099001D013
S31508000F20072A05DB03464146204600F03DFE0BE155
S31508000F302078800601D5E06900E00620B8F1650F43
S31508000F40814606D0B8F1660F18D0B8F1670F70D190
S31508000F5031E00020B9F1110F009001DB112301E007
S31508000F6009F101030AAA01A90CA8FFF7E2FEDDE9C7
S31508000F700C70002609F10105834647E001204B461F
S31508000F8000904FF000470AAA01A90CA8FFF7D1FE66
S31508000F90DDE90DB00C995D46002610B909F101008E
S31508000FA00D18B9EB050003D4C0F1FF3609F10105A8
S31508000FB0A5EB09002BE0B9F1010F01DA4FF00109A1
S31508000FC00020B9F1110F0090484601DD112300E019
S31508000FD003460AAA01A90CA8FFF7ABFEDDE90C70C7
S31508000FE04D4600268346207800070AD4AB4500DA2A
S31508000FF05D4601A8012D04DD411911F8011C3029AF
S3150800100007D04F4502DA17F1040F04DA01208246A9
S315080010100FE06D1EEEE7002F02DCED1B3E4403E0F9
S31508001020781CA84200DD7D1CB81B00F1010A4FF0B0
S3150800103000472078000703D4AA4501DB4FF0FF3AA2
S315080010400021B7F1004F0DF143088DF8431024D065
S3150800105002202B23002F01DA7F422D230A21021EAC
S31508001060A0F1010000DC5FB197FBF1FC97FBF1F200
S3150800107001FB1C7C17460CF1300C08F801CDEEE795
S31508001080A8F1010003702188090501D5452100E072
S315080010906521A0F1010800F8011C09980FA9A1EB28
S315080010A00807FF1D00B10120411901EBEA70A1698B
S315080010B03844081A401EA0612078C00602D420468B
S315080010C0FFF73BFA099828B1D4E901219047206A2D
S315080010D0401C20622078C00622D52046FFF72DFA4C
S315080010E01EE0002E04DBB34502DD01A8805D00E0AA
S315080010F03020D4E901219047206A401C2062761CE2
S31508001100AAF101005FEA000A0AD100F031FDC068C1
S315080011100168405CD4E901219047206A401C20629E
S31508001120281EA5F10105DCDC07E0D4E9012118F841
S31508001130010B9047206A401C2062381EA7F1010760
S31508001140F3DC2046FFF70FFA032011B041E6000052
S315080011502DE9F04F04460D46D21D22F0070089B04E
S31508001160D0E90097484639460BF0EAFC0246F80FE4
S3150800117001D02D2307E02068810701D52B2302E043
S31508001180202101EAC0038DF820300BB1012000E0D0
S315080011900020032A824601D0072A04DB2946204676
S315080011A000F002FD3FE12078800601D40D2500E01D
S315080011B0E569C7F30A560D2D49DA00214FEA175B90
S315080011C008464FF00000002F00F4400007DA00EB55
S315080011D080004FF4400100EBD07001EA60008115F1
S315080011E0012901DD4FF0FF3100224FEA850CBCF1E1
S315080011F0180F06D31346ACF118004FF08052C240C0
S3150800120003E04FF4801323FA0CF30CF10C0CBCF139
S31508001210200F04D3ACF1200C09FA0CF001E007FA10
S315080012200CF000294FF0004801DD18B90FE00ED187
S3150800123040450CD319EB02095F4121B9404502D15B
S315080012409F4329EA0209BBEB175F00D0761C20886A
S31508001250000502D57B48784402E07A487844193874
S3150800126008AA302302F80A30037C0AF10101002E8D
S315080012700AF1020A53546A4602DC4FF0300101E0D3
S315080012804FF031014FF001088DF8001002D0A6F298
S31508001290FF3603E059EA470100D06B4E002D02DC09
S315080012A02178090704D54FF002082E218DF8011080
S315080012B0C44600210BE0C7F303433F01C35C491C46
S315080012C06D1E02F80830052908F1010801DA002D1B
S315080012D0F1DC00210CE000EB1973491C1B786D1E2C
S315080012E0082902F808304FEA091908F1010801DA55
S315080012F0002DF0DC21688B0602D516E0A8F101085E
S31508001300E04505DD02EB080313F8013C302BF5D068
S31508001310B8F1000F09DD02EB080313F8013C2E2B88
S3150800132003D1090701D4A8F10108002D05DD3E21E6
S3150800133002F808106D1E08F10108407C002E02F81C
S31508001340080008F1010804DA2D20764202F80800A0
S3150800135002E02B2002F808000A214FF47A70864230
S3150800136008F101080BDB96FBF0F3303302F808307E
S3150800137096FBF0F308F1010800FB136601E0642E02
S315080013800CDB642096FBF0F3303302F8083096FB4A
S31508001390F0F308F1010800FB136601E00A2E06DBEC
S315080013A096FBF1F0303002F8080008F1010896FBC8
S315080013B0F1F001FB1060303002F80800A16908F16D
S315080013C0010808EB050202EB0A00081AA06120785A
S315080013D0C00602D42046FFF7B0F8216A08AE01EB32
S315080013E00A00206204E0D4E9012116F8010B9047AF
S315080013F0BAF1010AF7D22078C00602D52046FFF7CF
S315080014009CF86E4609E016F8010B3E280FD0D4E981
S3150800141001219047206A401C2062B8F10108F2D2E7
S315080014202046FFF7A0F809B00320BDE8F08F206A30
S315080014302844206203E0D4E90121302090476D1E3C
S31508001440EBD3F8E7C2C1000002FCFFFF10B5436901
S3150800145013B1AFF3008001E0FFF7A8F8012010BD33
S31508001460127800F124010A7000224A700122EDE781
S3150800147011684FF0FF32E9E710B5436913B1AFF3CE
S31508001480008001E0FFF736F9012010BD128800F14F
S31508001490240182840022C2840122EDE711684FF0FC
S315080014A0FF32E9E73A2800D2303820F02002412AF4
S315080014B001D3A2F13700884201D34FF0FF307047BD
S315080014C02DE9FF4F06468BB00878FF2806D0491C41
S315080014D02D2805D000244FF0000908E000200CE074
S315080014E00124F8E709EB8903491C00EB430908784E
S315080014F0FF28F7D114B1C9F10000814610780025FC
S315080015002C46AA4629462D2801D02B2804D1521C40
S315080015102D2813D0002082468B461078FF280FD03E
S315080015204FF0000C0A21521CA5FB017804FB01812F
S3150800153005FB0C11C5194BEB0104EEE70120EAE7A0
S31508001540002108464FF00000BAF1000F02D000EB68
S3150800155080004008C0F38157012F01DD4FF0FF37A7
S315080015600E9955EA040009EB01080BD04FF0020961
S3150800157018F5FA7F16DA4FEACA70002F706008DD90
S31508001580012007E04FEACA70C6E900B00FB0BDE80F
S31508001590F08F0020306000F0EFFAC0F800901821B4
S315080015A0084616E0B8F5FA7F18DD002F02DAF74884
S315080015B0784401E0F6487844D0E90010C6E90010FE
S315080015C040EACA70706000F0D7FAC0F8009014219B
S315080015D008460FB0BDE8F04F0BF070BE0021084674
S315080015E04FF00000B8F10001099002DAC7F10002D5
S315080015F000E03A4601DAC8F1000106A800F014FB3B
S3150800160006AB93E8070003AB83E8070044F23E0005
S315080016105BEA04010090584604D144F21E012C46A8
S315080016205D460091210C0904014306D10099240462
S3150800163044EA15442D041039009104F07F41014312
S3150800164006D10099240244EA15642D02083900914E
S3150800165004F07041014306D10099240144EA157447
S315080016602D01091F009104F04041014306D100995C
S31508001670A40044EA9574AD00891E009104F0004167
S31508001680084304D100986D196441401E00904FF03C
S3150800169001033A466846B8F1000FCDE9014503A9AA
S315080016A002DD0BF016F901E00BF0E9F8BAF1000FCC
S315080016B004460D4601D084F00044002108464FF048
S315080016C00000099940F2FF77484010F00C0F07D147
S315080016D024F00040284303D0C4F30A50B84212D17C
S315080016E000F04AFAC0F80090C4F30A50B8420AD18A
S315080016F0A8487844D0E90010C6E9001004F0004173
S315080017000843706042E7C6E900543FE72DE9FF4FFA
S315080017101F464FF0000A4FF0FF38454691B0D7E90B
S315080017200146CDF83CA000F023FAC0680168405C89
S315080017301090B96912986D1C8847396A814688479E
S315080017400028F6D1B9F1FF3F0AD0002E24F4D06460
S3150800175011DDB9F12B0F08D0B9F12D0F0BD102E02D
S31508001760404615B013E744F48064B96912986D1CB5
S315080017708847761E8146600504A901D52D2000E01C
S315080017802B20002E01F1010B0DF130088DF8100009
S315080017903FDDB9F1690F08D0B9F1490F05D0B9F1A4
S315080017A06E0F02D0B9F14E0F1CD13B4601A8009529
S315080017B080E85002DDE912126FF002000BF0E9FD35
S315080017C0C11CCED10EE0B96912986D1C88478146B6
S315080017D01398761E44F4007405600F98401C002E7A
S315080017E00F9016DDB9F1300FEDD0B9F1780F02D0B0
S315080017F0B9F1580F0DD10F9801280AD13B46CDE90A
S315080018000054DDE91212001F02960BF0C0FDC11C40
S31508001810A7D1109989453ED144F0800406E0139972
S31508001820681CAAF1010A44F400740860B9696D1CC1
S315080018301298761E884730288146F0D02BE01099FA
S31508001840894505D1200603D4761E44F0800418E0A5
S3150800185048460BF0B4FA08B3761E0DF123029345F9
S31508001860A9F1300044F4007406D20BF8010B2006E7
S3150800187007D5AAF1010003E0200602D40AF1010007
S315080018808246A00502D51399681C0860B9691298A2
S315080018906D1C88478146002ED1DC53E0002E51DDB1
S315080018A0B9F1650F02D0B9F1450F4BD1A00549D55D
S315080018B0B9696D1C1298761E24F440748847002E68
S315080018C081460CDD2B2804D0B9F12D0F07D144F43D
S315080018D08074B96912986D1C8847761E8146E005A2
S315080018E001D52D2100E02B2108F8011BCDF8008039
S315080018F021E0761E0DF13901884544F400740CD2B6
S31508001900A9F1300010F0FF0088F8000002D1009914
S31508001910884509D908F1010806E0E00501D51E4801
S3150800192001E042F20F708246B96912986D1C884729
S31508001930814613980560002E04DD48460BF03FFAF1
S315080019400028D6D1F96912988847FF2053468BF8A4
S31508001950000088F8000000200A900B9004AA0CA941
S315080019600AA8FFF7ADFDA00502D46FF00100F8E65E
S3150800197014F0240F12D0E0071CD13868DDE90A12EA
S31508001980031D3B600068C0E9001213E0E8C00000D0
S31508001990DAC000009EBF0000F1D8FFFF0AA968461A
S315080019A00BF0FAF9E00705D13868009A011D39608D
S315080019B0006802602846D4E60FB40B0010B54FF055
S315080019C000048AB00FA900910E99CC60234C7C4480
S315080019D0234A7A44CDE9064200D004236FF0004238
S315080019E0CDE901321F4A7A446B4608920246002026
S315080019F00BF0CBFC0AB010BC5DF814FBF0B507463B
S31508001A004FF0FF301E4615460C463B4685B06A46E3
S31508001A100091CDE9010131460020049004A8FFF7A2
S31508001A20CBFF04990346601825B109B1024600E0C8
S31508001A3022462A6000290ED0002B02DD0099814239
S31508001A4009D03B466A463146001B0094CDE901049D
S31508001A5004A8FFF7B1FF05B0F0BD0000E7F0FFFFEF
S31508001A6001F1FFFF85F2FFFF007B00F08000704761
S31508001A702DE9F04116460C46054600F071F8036854
S31508001A8093F80101012807D0FF2C12D8185D80B100
S31508001A9001202C70BDE8F081D3F8070132462146B3
S31508001AA003F20713C7182846BC46BDE8F0410023D1
S31508001AB060474FF0FF30EDE710B500F035F9BDE8A7
S31508001AC0104000F02CB94FF0000200B513469446BA
S31508001AD09646203922BFA0E80C50A0E80C50B1F178
S31508001AE02001BFF4F7AF090728BFA0E80C5048BF8C
S31508001AF00CC05DF804EB890028BF40F8042B08BF2A
S31508001B00704748BF20F8022B11F0804F18BF00F825
S31508001B10012B704770477546FFF746F8AE46050035
S31508001B206946534620F00700854618B020B5FEF7EB
S31508001B300BFCBDE820404FF000064FF000074FF0C1
S31508001B4000084FF0000BAC46ACE8C009ACE8C00989
S31508001B50ACE8C009ACE8C00921F007018D4670471A
S31508001B6010B500F005F8001D10BD00BF1DB300003C
S31508001B700048704798000020004870477800002009
S31508001B80B2F120030AD5C2F1200301FA02F120FAC4
S31508001B9003F341EA030100FA02F0704700FA03F181
S31508001BA04FF00000704700002DE9F0411F4604463B
S31508001BB003260168072A01F4006004DB08B116A5AC
S31508001BC005E016A503E008B115A500E015A521F066
S31508001BD010002060A069C01EA0610FB1401EA06160
S31508001BE02046FEF7AAFC4FB1D4E9012138469047B2
S31508001BF0206A401C2062C01C206206E0206AFAE7C0
S31508001C00D4E9012115F8010B9047761EF8D2204633
S31508001C10FEF7A9FCBDE8F0814E414E006E616E00EC
S31508001C20494E4600696E66002DE9F047814616461C
S31508001C308AB0354878440DC88DE80D003248784496
S31508001C40801C03AC0DC884E80D0041F69B3008449F
S31508001C50372190FBF1F290FBF1F5A5F1800501FB28
S31508001C6012041B3C02D56442012000E00020DFF884
S31508001C7098A080460027FA44AAF1BE0A0EE0E007BB
S31508001C800AD03246684607EB470101230AEB810171
S31508001C900AF00AFE8DE8070064107F1C002CEED1BE
S31508001CA0194F7F44AE3F19E0E80715D007EB04103B
S31508001CB00DF1180A90E80E008AE80E00C068F04296
S31508001CC001D1981908903246012306A903A80AF0FB
S31508001CD0EBFD03AB83E807006D10641C002DE3D110
S31508001CE04FF0010332466946B8F1000F03A802D047
S31508001CF00AF0B0FD01E00AF0D7FDC9E90001C9F80C
S31508001D0008200AB0BDE8F08774B8000010B504468C
S31508001D10AFF300802046BDE81040FEF700BB002860
S31508001D2001D006F03DBA704710B5012805D000214C
S31508001D3003A000F057FA012010BD09A1F8E700003A
S31508001D4053494752544D454D3A204F7574206F6696
S31508001D502068656170206D656D6F727900000000FE
S31508001D603A2048656170206D656D6F727920636FE2
S31508001D70727275707465640010B5FFF7FDFE006831
S31508001D8010BD10B50446FFF7F7FE046010BD00004D
S31508001D902DE9FF4F1F464FF03C0987B04FF0004230
S31508001DA0DDE9141001F10108DDF858A002EA4050F7
S31508001DB00390002005908346054604460490B969B9
S31508001DC0461E08988847AAF1010A0290BAF1000F40
S31508001DD03BDD02982E2815D01021FFF763FB00285B
S31508001DE02EDB4FF0010B0599014317D0B9F1000F0F
S31508001DF00BDB4A46C117FFF7C3FE05430C43A9F19F
S31508001E00040905E0012004900BE008B145F001053E
S31508001E1001200590049820B9361D02E0049800B107
S31508001E20361FB969089808F101088847BBF1000F01
S31508001E30AAF1010A0290C9D00999C1F80080C5E73C
S31508001E400298702808D0502806D0F969089888475B
S31508001E50BBF1000F14D04FE0002002900120BBF127
S31508001E60000F049009D0B969089808F10108884755
S31508001E70AAF10109B9F1000F07DCF9690898884742
S31508001E806FF001000BB0BDE8F08F2B2804D02D2889
S31508001E900CD14FF0FF300490B969089808F1010891
S31508001EA08847A9F10109B9F1000FE6DD411CE4D024
S31508001EB00A21FFF7F7FA0028DFDB029908F1010883
S31508001EC001EB810100EB41000290B9690898884747
S31508001ED00A21FFF7E7FA099AA9F10109B9F1000FF2
S31508001EE0C2F8008001DD0028E7DAF9690898884712
S31508001EF00499029800FB016655EA040004D004F030
S31508001F004041090002D006E0039898E0A40044EA9C
S31508001F109574AD00B61E04F00041080002D16D1993
S31508001F206441761E159810F0240F03D04FF00B0964
S31508001F305C4803E04FF028096FF07D00824656455D
S31508001F4007DAAAEB06018944B9F1410F01DD4FF022
S31508001F50410901200021A9F10102FFF711FE0246FD
S31508001F6028400B462140084301D0012100E000210A
S31508001F70501E029143F1FF3128402140084301D009
S31508001F80012000E000200299834651EA0B014FD058
S31508001F90002108464FF00000039900F4400039B1CB
S31508001FA000EB80004FF4400100EBD07001EA6000BE
S31508001FB08015012802DD4FF0FF3000E013D0401CE9
S31508001FC036D0029860B3BBF1000F0CD14A46012007
S31508001FD00021FFF7D5FD28402140084301D0012004
S31508001FE000E00020E0B101204A460021FFF7C8FDC5
S31508001FF0034640190A4661412D1A8C4111D3B9F19D
S31508002000400F09DD159810F0240F02D0AAF1340606
S3150800201003E0AAF1170600E0761C00254FF00044FD
S3150800202006E05B1E42F1FF3220EA030521EA0204BC
S31508002030CAF10100B04206DA1B4903980843019029
S31508002040002000900EE0039AC4F3D321E80A0A435D
S31508002050164940EA44500A433146CDE9000268462B
S315080020600AF0A3FE159810F0240F0BD01598C00798
S3150800207015D13868DDE90012031D3B600068C0E928
S3150800208000120CE002A869460AF086FE1598C007F9
S3150800209005D13868029A011D396000680260404619
S315080020A0F0E6000002FCFFFF0000F07F0000F03FB2
S315080020B02DE9FF4F92461D4685B04FF00041DDE9F8
S315080020C0124BDDE914727F1E01EA4B50414940F07C
S315080020D0FF4940EA0108002122F02000492804911E
S315080020E002D04E2828D04CE03BA0012607C88DE830
S315080020F00700A9690698641C88477F1E014606D40E
S315080021001DF8060018B121F0200181420BD0E969BB
S3150800211006988847032E34D0082E32D06FF0010077
S3150800212009B0BDE8F08F761C032E01D0082EE0D149
S31508002130601CCAF80000DCE7A9690698641C884791
S315080021407F1E2AD420F02000412826D1A9690698A6
S31508002150641C88477F1E20D420F020004E281CD1FE
S31508002160A9690698641C88477F1E48F4002849F424
S315080021708009CAF8004001D4282806D0E9690698DB
S3150800218088475FEACB7012D022E0A9690698641CDA
S3150800219088477F1E01D4002803DAE969069888472C
S315080021A0BCE72928F1D1641CCAF80040E9E71BF00E
S315080021B0240F07D028680499031D2B600068C0E91E
S315080021C0001805E02868021D2A600068C0F800901B
S315080021D02046A5E70000F07F494E46494E49545926
S315080021E00000000070B505460C460A2000E06D1C8C
S315080021F000F050F835B128780028F8D102E0641CC0
S3150800220000F048F814B120780028F8D1BDE87040ED
S315080022100A2000F03FB8000030B44FF0013C50F8F7
S31508002220042B51F8043BCCFA52F4D51A20D1FCB948
S3150800223050F8042B51F8043BCCFA52F4D51A17D1AE
S31508002240B4B950F8042B51F8043BCCFA52F4D51A19
S315080022500ED16CB950F8042B51F8043BCCFA52F461
S31508002260D51A05D1002CDAD030BC4FF000007047E3
S3150800227029BAB1FA81F111F01801D1F12000844090
S31508002280F2D1CA40CB4012F0FF0213F0FF0330BC74
S31508002290D01A704708B569468DF800000320ABBE12
S315080022A008BD53EA020C00F069802DE9F04B4FF0A7
S315080022B00006002B1FBFB3FA83F503FA05F424FAC8
S315080022C005F65E4012BF1643B2FA82F502FA05F425
S315080022D0C5F120051EBF22FA05FC44EA0C04203588
S315080022E056EA044C4FEA144418BF641C4FF0000821
S315080022F04FF00009904271EB030C39D3002919BF3E
S31508002300B1FA81F701FA07F6B0FA80F700FA07F68C
S31508002310C7F120071EBF20FA07FC46EA0C0620373D
S31508002320B6FBF4FCA7EB0507103F07F01F0BCBF134
S3150800233020062CFA06F60CFA0BFB44BFB346002619
S31508002340202FA4BF5E464FF0000B5BEA060C08BFC1
S315080023504FF0010B19EB0B0948EB0608ABFB027CA7
S3150800236006FB02CC0BFB03CCC01B71EB0C01C1E7CF
S315080023700B46024641464846BDE8F08B13B508436E
S3150800238018BF4FF0FF300146AFF30080BDE81C4090
S315080023907047032A40F2308010F0030C00F01580D5
S315080023A011F8013BBCF1020F624498BF11F801CB4A
S315080023B000F8013B38BF11F8013BA2F1040298BFAF
S315080023C000F801CB38BF00F8013B11F003033EF4D7
S315080023D097AB083AC0F0088051F8043B083A51F820
S315080023E004CBA0E80810F5E7121D5CBF51F8043BC2
S315080023F040F8043BAFF30080D20724BF11F8013B35
S3150800240011F801CB48BF11F8012B24BF00F8013B96
S3150800241000F801CB48BF00F8012B704702F0FF0314
S3150800242043EA032242EA0242FFF74FBBFFE7FEE711
S3150800243080B540F21040C2F2000000F035FA80BDC7
S3150800244080B540F27040C2F2000000F02DFA80BD5F
S3150800245080B540F29020C2F2000000F025FA80BD57
S3150800246080B540F2F020C2F2000000F01DFA80BDEF
S3150800247080B540F25030C2F2000000F015FA80BD77
S3150800248080B540F2B030C2F2000000F00DFA80BD0F
S3150800249084B003900398006840F20741C4F2020131
S315080024A0884211D8FFE740F60000C4F20200009007
S315080024B00398007808384CF6CD41CCF6CC41A0FB01
S315080024C001010809019012E040F62000C4F202005A
S315080024D000900398007808384CF6CD41CCF6CC41EC
S315080024E0A0FB0101082000EB11100190FFE70098FE
S315080024F00290029803994A6C22F0030210448864F9
S31508002500039840F68001C4F20201C164019800F004
S315080025101F00012101FA00F00399086504B070470D
S3150800252082B001900198406800F07F000090009802
S3150800253040F6FC01C4F2020101EB800001994865EE
S31508002540019840F64011C4F20201816500980138ED
S3150800255000F01F00012101FA00F00199C86502B0D8
S315080025607047000084B0039002910192009303988B
S31508002570C16C006D48600398406D28B1FFE7039869
S31508002580816DC06D4860FFE70398016C406C00F0F0
S315080025901F00012202FA00F04860009803990968B2
S315080025A0486003988068102809D1FFE701980399C5
S315080025B009688860029803990968C86008E0029863
S315080025C0039909688860019803990968C860FFE754
S315080025D004B070477047000081B0EFF3108072B600
S315080025E00090FFE7FEE7000080B540F2D040C2F257
S315080025F0000000F005FE80BD80B540F2D040C2F272
S31508002600000000F0FDFD80BD80B540F23450C2F2F6
S31508002610000000F0F5FD80BD80B540F23450C2F2EE
S31508002620000000F0EDFD80BD80B540F29850C2F282
S31508002630000000F0E5FD80BD80B540F29850C2F27A
S31508002640000000F0DDFD80BD83B002904AF2004034
S31508002650C4F2000000900298006846F60001C4F231
S315080026600001884205D1FFE7009800F554700090F4
S31508002670FFE70298006846F60041C4F20001884266
S3150800268005D1FFE7009800F5D4600090FFE70098B1
S315080026900299086402980068D0F8800020F4F810BF
S315080026A002990A68496B40EA0140C2F8800000981E
S315080026B070300299486402980068D0F8800020F0CB
S315080026C0706002990A68896B40EA0160C2F8800066
S315080026D00098B03002998864009800F5C470029991
S315080026E0C864009800F5187002990865009800F506
S315080026F01E700299486500980190FFE701980099B5
S3150800270001F55471884208D2FFE70198002101605B
S31508002710FFE7019804300190F0E703B07047000026
S3150800272083B0019000208DF80300019820B9FFE7D7
S3150800273001208DF80B004AE0019890F82500022840
S3150800274007D0FFE701980421C16301208DF8030033
S315080027502EE001980068016821F0010101600198E6
S315080027600068016821F00E0101600198806C01681B
S3150800277021F4807101600198016C406C00F01F0023
S31508002780012202FA00F048600198C16C006D4860A9
S315080027900198406D58B1FFE70198406D016821F432
S315080027A0807101600198816DC06D4860FFE7FFE7A1
S315080027B00198012180F82510FFE70198002180F88B
S315080027C02410FFE79DF803008DF80B00FFE79DF83E
S315080027D00B0003B07047000080B582B0019000205E
S315080027E08DF80300019890F82500022811D0FFE71C
S315080027F001980421C1630198012180F82510FFE79B
S315080028000198002180F82410FFE701208DF80300C5
S3150800281040E001980068016821F001010160019813
S315080028200068016821F00E0101600198806C01685A
S3150800283021F4807101600198016C406C00F01F0062
S31508002840012202FA00F048600198C16C006D4860E8
S315080028500198406D58B1FFE70198406D016821F471
S31508002860807101600198816DC06D4860FFE701982D
S31508002870012180F82510FFE70198002180F824102F
S31508002880FFE70198806B20B1FFE70198816B8847C5
S31508002890FFE7FFE79DF8030002B080BD81B0009016
S315080028A00098C06B01B0704780B584B00390039858
S315080028B0006C00680290039800680068019002980E
S315080028C00399496C01F01F01C8404007002826D526
S315080028D0FFE79DF804004007002820D5FFE7039886
S315080028E0006800688006002807D4FFE70398006898
S315080028F0016821F004010160FFE70398016C406C50
S3150800290000F01F00042202FA00F048600398006BEA
S3150800291020B1FFE70398016B8847FFE76FE002984D
S315080029200399496C01F01F01C8408007002830D57B
S31508002930FFE79DF80400800700282AD5FFE70398DB
S3150800294000680068800600280BD4FFE70398006833
S31508002950016821F00A0101600398012180F8251019
S31508002960FFE70398016C406C00F01F00022202FA90
S3150800297000F04860FFE70398002180F82410FFE77D
S315080029800398C06A20B1FFE70398C16A8847FFE742
S3150800299034E002980399496C01F01F01C84000070A
S315080029A0002829D5FFE79DF804000007002823D54D
S315080029B0FFE703980068016821F00E01016003989B
S315080029C0016C406C00F01F00012202FA00F048601A
S315080029D00398C263039880F82520FFE7039800212F
S315080029E080F82410FFE70398406B20B1FFE70398AF
S315080029F0416B8847FFE700E0FFE7FFE7FFE704B022
S31508002A0080BD000080B584B00290029820B9FFE727
S31508002A1001208DF80F009EE00298006840F20741F9
S31508002A20C4F20201884218D8FFE7029801684FF6F7
S31508002A30F872CBF6FD7211444CF6CD42CCF6CC4278
S31508002A40A1FB02126FF0030101EA920141640298A8
S31508002A500021C4F20201016418E0029801684FF6E9
S31508002A60F832CBF6FD7211444CF6CD42CCF6CC4288
S31508002A70A1FB02126FF0030101EA92014164029878
S31508002A8040F20041C4F202010164FFE70298022104
S31508002A9080F825100298006800680190019847F6AA
S31508002AA0F071884301900298D0F808C0C26803699B
S31508002AB0416942EA0C021A43114382691143C26909
S31508002AC01143006A08430199084301900198029945
S31508002AD0096808600298FFF7DBFC02988068B0F581
S31508002AE0804F04D1FFE7029800214160FFE7029872
S31508002AF04168806C01F07F0101600298C16C006D2D
S31508002B0048600298406888B1FFE702984068042840
S31508002B100CD8FFE70298FFF703FD0298406D0021E5
S31508002B2001600298816DC06D486007E00298002137
S31508002B304165029881650298C165FFE70298002100
S31508002B40C1630298012280F82520029880F8241093
S31508002B508DF80F10FFE79DF80F0004B080BD000048
S31508002B6080B586B0049003910292019300208DF8F7
S31508002B700300FFE7049890F82400012804D1FFE732
S31508002B8002208DF8170065E00498012180F82410CA
S31508002B90FFE7FFE7049890F8250001284BD1FFE7E7
S31508002BA00498022180F8251004980021C16304982E
S31508002BB00068016821F00101016004980399029AEE
S31508002BC0019BFFF7CFFC0498006B38B1FFE7049828
S31508002BD00068016841F00E0101600CE00498006885
S31508002BE0016821F00401016004980068016841F059
S31508002BF00A010160FFE70498806C0068C00300289A
S31508002C0007D5FFE70498806C016841F4807101607C
S31508002C10FFE70498406D38B1FFE70498406D0168F6
S31508002C2041F480710160FFE704980068016841F08B
S31508002C300101016009E0FFE70498002180F82410EB
S31508002C40FFE702208DF80300FFE79DF803008DF8E3
S31508002C501700FFE79DF8170006B080BD80B541F262
S31508002C603800C4F202004FF0FF3101600022026012
S31508002C7041F24000C4F202000160026041F22800FD
S31508002C80C4F202000160026041F22C00C4F20200A4
S31508002C900160026041F23000C4F202000160026085
S31508002CA0AFF3008080BD000080B584B00A20039091
S31508002CB001F024F90290039801900198013020B19F
S31508002CC0FFE7019801300190FFE7FFE701F016F9E9
S31508002CD00299401A0199884201D2FFE7F6E704B043
S31508002CE080BD000086B0049003910292049890F883
S31508002CF05C008DF80700BDF80C0010F4C07F01D009
S31508002D00FFE7FFE79DF80700012806D0FFE79DF8D3
S31508002D100700022840F0DE80FFE704980068806D0F
S31508002D2000909DF80C00400730B1FFE79DF80000C1
S31508002D30C007002847D0FFE79DF80C0010F0380FB1
S31508002D4006D0FFE79DF80000800700283BD5FFE77F
S31508002D50BDF80C0010F4E07F06D0FFE79DF80000F0
S31508002D60400700282FD5FFE79DF80D0010F01E0F2D
S31508002D7006D0FFE79DF800000007002823D5FFE7E7
S31508002D809DF80D0010F0E00F06D0FFE79DF8000053
S31508002D90C006002817D5FFE79DF80E00800730B15A
S31508002DA0FFE79DF80000800600280CD5FFE79DF890
S31508002DB00E0010F0FC0F0DD0FFE79DF8000040064E
S31508002DC0002807D4FFE704980068C16D41F00101A7
S31508002DD0C165FFE79DF80C00400730B1FFE79DF895
S31508002DE00000C007002847D1FFE79DF80C0010F047
S31508002DF0380F06D0FFE79DF80000800700283BD46F
S31508002E00FFE7BDF80C0010F4E07F06D0FFE79DF859
S31508002E100000400700282FD4FFE79DF80D0010F0AA
S31508002E201E0F06D0FFE79DF800000007002823D4F0
S31508002E30FFE79DF80D0010F0E00F06D0FFE79DF8BC
S31508002E400000C006002817D4FFE79DF80E0080078B
S31508002E5030B1FFE79DF80000800600280CD4FFE794
S31508002E609DF80E0010F0FC0F0DD0FFE79DF800004E
S31508002E704006002807D5FFE704980068C16D41F0B1
S31508002E800201C165FFE79DF80C000006002809D578
S31508002E90FFE7029804990968D1F8DC201043C1F8C5
S31508002EA0DC00FFE79DF80D00C00748B1FFE7029870
S31508002EB004990968D1F8E0201043C1F8E000FFE75B
S31508002EC00398049909684A6D1043486500208DF8EF
S31508002ED0170008E00498016E41F00201016601201E
S31508002EE08DF81700FFE79DF8170006B07047000039
S31508002EF087B005900491059890F85C008DF803005A
S31508002F009DF80300012805D0FFE79DF80300022875
S31508002F103CD1FFE704980068B8B9FFE704988168D0
S31508002F20C26803694069890741EAC26141EA034107
S31508002F30084303900598006C0499496800EB8100E2
S31508002F4001900398019908601CE00498C16800691B
S31508002F5040EA4170039004988168406940EA8170AC
S31508002F6002900598406C0499496800EBC1000190ED
S31508002F700398019908600198043001900298019914
S31508002F800860FFE700208DF81B0008E00598016E31
S31508002F9041F00201016601208DF81B00FFE79DF84C
S31508002FA01B0007B07047000081B0009001B0704761
S31508002FB082B00190009102B0704700008AB0089074
S31508002FC0079140F22820C2F20000069040F2E8106D
S31508002FD0C2F200000590089890F85C008DF803008E
S31508002FE09DF80300022840F0FA80FFE7079840287A
S31508002FF03ED1FFE708980068D0F89000000748B966
S31508003000FFE70898016E41F48071016601208DF88A
S315080030102700EDE008980068D0F89000C0F301207A
S31508003020019008980068D0F8900000F0807001219F
S31508003030B1EB106F12D1FFE708980068D0F880004E
S3150800304000F400700121B1EB502F06D1FFE701987B
S31508003050013000F003000190FFE7FFE70898806C55
S31508003060019901EBC10100EBC1000490FFE73DE0C7
S3150800307008980068D0F89800000748B9FFE708984C
S31508003080016E41F48071016601208DF82700AFE0DA
S3150800309008980068D0F89800C0F3012001900898B5
S315080030A00068D0F8980000F080700121B1EB106F2D
S315080030B012D1FFE708980068D0F8800000F4807005
S315080030C00121B1EB102F06D1FFE70198013000F07E
S315080030D003000190FFE7FFE70898C06C019901EB30
S315080030E0C10100EBC1000490FFE7FFE70498006800
S315080030F000F08040069948600698406838B9FFE7AE
S3150800310004980068C0F38A400699086006E00498A7
S31508003110006820F0604006990860FFE70498006898
S3150800312000F00050069988600498006800F0004096
S315080031300699086104980430049004980088069952
S31508003140C86104980068C0F303400699C8600498EB
S31508003150006800F48010069948610498006800F435
S3150800316000100699886104980068C0F306600699FD
S31508003170086204980068C00F0699486204980430EB
S3150800318004900498039000200290FFE7029806999D
S31508003190C9684DF2DC42C0F60002515C88420AD288
S315080031A0FFE703980299405C059A5054FFE7029896
S315080031B001300290EAE70798402806D1FFE7019810
S315080031C008990968C1F8940005E001980899096802
S315080031D0C1F89C00FFE700208DF8270008E0089852
S315080031E0016E41F00801016601208DF82700FFE70E
S315080031F09DF827000AB0704781B0009001B070476B
S3150800320080B58AB0099009980068006D00F4E0500E
S31508003210089009980068406D089908400890099830
S315080032200068006D00F00700079009980068406D77
S3150800323007990840079009980068006D00F0380063
S31508003240069009980068406D069908400690099806
S315080032500068006D00F47100059009980068406DDB
S3150800326005990840059009980068006D00F46020EB
S31508003270049009980068406D0499084004900998DC
S315080032800068406D019009980068006D00909DF8EF
S31508003290000000F040000021B1EB901F12D0FFE7BC
S315080032A09DF8040000F040000021B1EB901F08D003
S315080032B0FFE709980068402101650998FFF79CFF18
S315080032C0FFE7FFE79DF80100C007E0B1FFE79DF8BB
S315080032D00500C007B0B1FFE709980068D0F8D80024
S315080032E0029009980068D0F8E00002990840029018
S315080032F0099800684FF4807101650998029900F0F1
S31508003300EBFBFFE7FFE7089848B1FFE7089809993C
S31508003310096808650998089900F0EAFBFFE7079825
S3150800332048B1FFE707980999096808650998079950
S3150800333000F05AFBFFE7069848B1FFE70698099997
S31508003340096808650998069900F072FBFFE79DF879
S31508003350010000F002000021B1EB500F13D0FFE787
S315080033609DF8050000F002000021B1EB500F09D0CE
S31508003370FFE7099800684FF400710165099800F0A5
S31508003380BDFBFFE7FFE79DF800000021B1EBD01F6A
S315080033901DD0FFE79DF804000021B1EBD01F15D022
S315080033A0FFE709980068D0F8D400039009980068E8
S315080033B0D0F8DC000399084003900998006880213A
S315080033C001650998039900F08DFBFFE7FFE79DF873
S315080033D0010000F020000021B1EB501F13D0FFE7D9
S315080033E09DF8050000F020000021B1EB501F09D020
S315080033F0FFE7099800684FF400510165099800F045
S3150800340067FBFFE7FFE79DF801000021B1EBD01F3E
S3150800341011D0FFE79DF805000021B1EBD01F09D0B8
S31508003420FFE7099800684FF400410165099800F024
S315080034304BFBFFE7FFE79DF8010000F04000002185
S31508003440B1EB901F15D0FFE79DF8050000F040008E
S315080034500021B1EB901F0BD0FFE7099800684FF4E5
S31508003460804101650998016E41F080010166FFE718
S31508003470FFE7049848B1FFE70498099909680865C1
S3150800348009980499FFF794FDFFE7059850B1FFE7FF
S315080034900598099909680865059809990A6E1043F7
S315080034A00866FFE70998006E20B1FFE70998FFF75D
S315080034B07BFDFFE70AB080BD80B584B00290029814
S315080034C020B9FFE701208DF80F0058E1029800683F
S315080034D046F20041C4F20001884201D1FFE7FFE746
S315080034E002988068B0F5407F01D1FFE7FFE70298B0
S315080034F090F85C0040B9FFE70298002180F85D105B
S31508003500029800F041F9FFE702980068816921F006
S315080035101001816100F0F2FC0190FFE70298006853
S3150800352080690007002815D5FFE700F0E7FC019938
S31508003530401A0B280DD3FFE70298016E41F00101EE
S3150800354001660298032180F85C1001208DF80F00AF
S3150800355015E1E3E702980068816941F0010181619C
S3150800356000F0CCFC0190FFE7029800688069C0076C
S31508003570A8B9FFE700F0C2FC0199401A0B280DD341
S31508003580FFE70298016E41F00101016602980321E6
S3150800359080F85C1001208DF80F00F0E0E4E702984F
S315080035A00068816941F0020181610298006846F26B
S315080035B00041C4F20001884208D1FFE7029840683A
S315080035C046F20051C4F200010860FFE70298007C49
S315080035D0012807D1FFE702980068816921F04001B8
S315080035E0816106E002980068816941F040018161C5
S315080035F0FFE70298407C012807D1FFE70298006898
S31508003600816941F48041816106E002980068816918
S3150800361021F480418161FFE70298807C012807D167
S31508003620FFE702980068816921F48051816106E00C
S3150800363002980068816941F480518161FFE7029828
S315080036400068806920F4407002990A68896808430E
S31508003650906102980068816921F0A401816102984D
S315080036600068016921F0100101610298C06801280B
S3150800367007D1FFE702980068816941F0040181617A
S315080036802BE00298C06830B3FFE70298C0680228AA
S3150800369019D0FFE702980068816941F080018161CD
S315080036A002980068016941F0100101610298C0683A
S315080036B0032807D1FFE702980068816941F02001D5
S315080036C08161FFE706E002980068816941F0200100
S315080036D08161FFE700E0FFE7FFE70298D0F800C046
S315080036E0D0F814E08369C169013B6FF0FF0202EB71
S315080036F0012141EA4361006A013808430021CFF6F7
S31508003700FF7101EB0E410843CCF81C000298806853
S31508003710B0F5407F1CD1FFE70298D0F800C0D0F87A
S3150800372024E0836AC16A013B6FF0FF0202EB0121C4
S315080037301943006B6FF00F0202EB001008430021DB
S31508003740CFF6FF7101EB0E410843CCF80C00FFE7FA
S3150800375002980168C06BD1F8C0201043C1F8C000B8
S315080037600298FEF771FF02980021816502980166AA
S315080037700298012280F85C208DF80F10FFE79DF86B
S315080037800F0004B080BD000080B5A2B021900020D3
S3150800379020901F901E901D901C9007A85421FEF79C
S315080037A092F92198006846F20041C4F20001884265
S315080037B057D1FFE74FF4805007904FF000701590EF
S315080037C007A800F023FD18B1FFE7FEF705FFFFE79E
S315080037D040F2D800C2F200000168013101600068B9
S315080037E0012810D1FFE7FFE741F25800C4F20200B2
S315080037F0016841F000710160006800F000700690F1
S315080038000698FFE7FFE7FFE741F24C00C4F2020023
S31508003810016841F008010160006800F008000590A1
S315080038200598FFE703201C9002201D9000201E909B
S315080038301F900920209040F60040C4F600001CA9FD
S3150800384000F060F91520002100F0E0FB152000F0DB
S31508003850D3FB1620002100F0D9FB162000F0CCFB84
S31508003860C0E02198006846F60001C4F200018842CB
S3150800387057D1FFE74FF4805007904FF0007015902E
S3150800388007A800F0C3FC18B1FFE7FEF7A5FEFFE79F
S3150800389040F2D800C2F200000168013101600068F8
S315080038A0012810D1FFE7FFE741F25800C4F20200F1
S315080038B0016841F000710160006800F00070049032
S315080038C00498FFE7FFE7FFE741F24C00C4F2020065
S315080038D0016841F002010160006800F002000390EF
S315080038E00398FFE760201C9002201D9000201E9080
S315080038F01F900920209040F20040C4F600001CA941
S3150800390000F000F95620052100F080FB562000F053
S3150800391073FB5720052100F079FB572000F06CFB5C
S315080039205FE02198006846F60041C4F2000188422B
S3150800393056D1FFE74FF4805007904FF0007015906E
S3150800394007A800F063FC18B1FFE7FEF745FEFFE79E
S3150800395040F2D800C2F20000016801310160006837
S31508003960012810D1FFE7FFE741F25800C4F2020030
S31508003970016841F000710160006800F00070029073
S315080039800298FFE7FFE7FFE741F24C00C4F20200A6
S31508003990016841F001010160006800F00100019032
S315080039A00198FFE74FF401401C9002201D9000206B
S315080039B01E901F900B2020901CA94FF0904000F0FD
S315080039C0A1F85820052100F021FB582000F014FB2F
S315080039D05920052100F01AFB592000F00DFBFFE7DE
S315080039E0FFE7FFE722B080BD80B582B00190009165
S315080039F09DF80000C00708B9FFE717E040F250201D
S31508003A00C2F20000006808B9FFE70FE0019840F627
S31508003A100C31C2F2000108604020486040F2502094
S31508003A20C2F20000006807F0D5FDFFE702B080BDCE
S31508003A3080B582B0019000919DF80000000700282B
S31508003A4001D4FFE717E040F25020C2F200000068F8
S31508003A5008B9FFE70FE0019840F60C31C2F2000101
S31508003A6008604120486040F25020C2F20000006819
S31508003A7007F0B0FDFFE702B080BD000082B00090FD
S31508003A80009890F85C00012810D1FFE70098022101
S31508003A9080F85C1000980068816921F00101816155
S31508003AA00098002101668DF8071008E00098016E5D
S31508003AB041F00401016601208DF80700FFE79DF833
S31508003AC0070002B07047000081B0009001B070474F
S31508003AD081B0009001B0704782B00190009102B0A9
S31508003AE07047000082B00190009102B07047000054
S31508003AF082B00190009102B07047000081B000903A
S31508003B0001B0704786B00590049100200390FFE746
S31508003B10049800680399C840002800F0A781FFE7C9
S31508003B20049800680399012202FA01F108400290FC
S31508003B300298002800F09681FFE70498406800F094
S31508003B400300012807D0FFE70498406800F0030047
S31508003B5002282FD1FFE70598806801900398400056
S31508003B60032101FA00F0019921EA00000190049866
S31508003B70C068039949008840019908430190019853
S31508003B80059988600598406801900398012101FA13
S31508003B9000F0019921EA0000019004984068C0F3FA
S31508003BA000100399884001990843019001980599E6
S31508003BB04860FFE70498406800F0030003280CD12A
S31508003BC0FFE70498406800F0030003281DD1FFE7CB
S31508003BD004988068012818D0FFE70598C068019006
S31508003BE003984000032101FA00F0019921EA000038
S31508003BF00190049880680399490088400199084310
S31508003C00019001980599C860FFE70498406800F09C
S31508003C100300022826D1FFE7059803996FF00302EF
S31508003C2002EA51010844006A0190039800F007006F
S31508003C3080000F2101FA00F0019921EA00000190A5
S31508003C4004980069039901F00701890088400199E1
S31508003C500843019001980599039B02EA530211440F
S31508003C600862FFE705980068019003984000032161
S31508003C7001FA00F0019921EA0000019004984068D1
S31508003C8000F0030003994900884001990843019010
S31508003C90019805990860049880798007002800F043
S31508003CA0E080FFE7FFE741F26000C4F20200016826
S31508003CB041F001010160006800F0010000900098E1
S31508003CC0FFE7039820F003000821C4F201014058D9
S31508003CD00190039800F0030080000F2101FA00F01C
S31508003CE0019921EA000001900598B0F1904F02D1A0
S31508003CF0FFE7002035E0059840F20041C4F60001D0
S31508003D00884202D1FFE701202AE0059840F6000123
S31508003D10C4F60001884202D1FFE702201FE0059899
S31508003D2040F60041C4F60001884202D1FFE70320AD
S31508003D3014E0059841F20001C4F60001884202D158
S31508003D40FFE7042009E0059941F20042C4F60002A3
S31508003D500620914208BF0520FFE7FFE7FFE7FFE7D8
S31508003D60FFE7039901F00301890088400199084398
S31508003D7001900198039921F003010822C4F2010277
S31508003D80885040F20840C4F2010000680190029889
S31508003D90019921EA0000019004988079C00600285C
S31508003DA005D5FFE70298019908430190FFE70198B6
S31508003DB040F20841C4F20101086040F20C40C4F226
S31508003DC00100006801900298019921EA000001901B
S31508003DD0049880798006002805D5FFE7029801999E
S31508003DE008430190FFE7019840F20C41C4F2010133
S31508003DF0086040F20440C4F201000068019002988D
S31508003E00019921EA0000019004988079800700282A
S31508003E1005D5FFE70298019908430190FFE7019845
S31508003E2040F20441C4F20101086040F20040C4F2C5
S31508003E300100006801900298019921EA00000190AA
S31508003E4004988079C00728B1FFE7029801990843CA
S31508003E500190FFE7019840F20041C4F201010860B1
S31508003E60FFE7FFE703980130039051E606B0704775
S31508003E7082B00190ADF8021001980069BDF80210F1
S31508003E80084204D0FFE701208DF8010003E0002076
S31508003E908DF80100FFE79DF8010002B070470000A9
S31508003EA083B040F20041C4F600010291ADF8060065
S31508003EB00298406900900098BDF8061000EA0102D1
S31508003EC021EA000040EA02400299886103B070477F
S31508003ED082B00190ADF802108DF801209DF801001E
S31508003EE028B1FFE7BDF802000199886104E0BDF832
S31508003EF0020001998862FFE702B0704745F64C3028
S31508003F00C2F200000068704745F64C30C2F2000065
S31508003F10016801310160704780B582B000208DF8D4
S31508003F20070000F08BF80F2000F00CF820B1FFE72F
S31508003F3001208DF8070002E000F03AF8FFE702B02A
S31508003F4080BD000080B582B0019000208DF8030086
S31508003F50FFE740F20000C2F20000006844F6D351C1
S31508003F60C1F26201A0FB0101880901F015FAA8B99E
S31508003F70FFE701980F280CD8FFE701994FF0FF30AB
S31508003F8000F044F8019840F27001C2F2000108609E
S31508003F9003E001208DF80300FFE703E001208DF818
S31508003FA00300FFE7FFE79DF8030002B080BD0000AD
S31508003FB080B582B0FFE741F26000C4F202000168F2
S31508003FC041F001010160006800F0010001900198CC
S31508003FD0FFE7FFE741F25800C4F20200016841F02A
S31508003FE080510160006800F0805000900098FFE75B
S31508003FF000F002F902B080BD80B582B08DF80700E6
S315080040009DF9070004F052F802B080BD10B584B0DF
S315080040108DF80F0002910020019004F061F80090DD
S315080040209DF90F4000980299019A02F03BFF01465C
S31508004030204604F05DF804B010BD000080B582B0DB
S3150800404003200190019804F075F802B080BD0000C5
S3150800405083B000200190019800285BD1FFE747F262
S315080040600000C4F20000006800F4C060B0F5806F7C
S3150800407046D1FFE747F28000C4F20000016821F448
S315080040808071016047F20000C4F200000168012255
S3150800409062F34A21016040F20000C2F200000068A3
S315080040A0322148434DF68361C4F21B31A0FB01015E
S315080040B002EB91400090FFE747F21400C4F20000BB
S315080040C0016800204905002905D5FFE70098002862
S315080040D018BF0120FFE7C00720B1FFE700980138A5
S315080040E00090E9E747F21400C4F2000000684005B2
S315080040F0002804D5FFE703208DF80B0079E008E0D7
S3150800410047F28000C4F20000016821F48071016062
S31508004110FFE76AE00198B0F5007F5BD1FFE747F259
S315080041200000C4F20000006800F4C060B0F5806FBB
S3150800413046D1FFE747F28000C4F20000016841F467
S315080041408071016047F20000C4F200000168012294
S3150800415062F34A21016040F20000C2F200000068E2
S31508004160322148434DF68361C4F21B31A0FB01019D
S3150800417002EB91400090FFE747F21400C4F20000FA
S31508004180016800204905002905D5FFE700980028A1
S3150800419018BF0120FFE7C00720B1FFE700980138E4
S315080041A00090E9E747F21400C4F2000000684005F1
S315080041B0002804D5FFE703208DF80B0019E008E076
S315080041C047F28000C4F20000016841F48071016082
S315080041D0FFE709E047F20000C4F200000168022286
S315080041E062F34A210160FFE7FFE700208DF80B0024
S315080041F0FFE703B07047000047F20800C4F200006A
S31508004200016841F4804101607047000080B586B0BE
S31508004210059000208DF80B008DF80A000598807827
S315080042200007002840F1B780FFE700208DF8090055
S3150800423041F25800C4F202000068C000002813D4F6
S31508004240FFE7FFE741F25800C4F20200016841F0B7
S3150800425080510160006800F0805001900198FFE7E6
S3150800426001208DF80900FFE747F20000C4F20000BC
S31508004270016841F480710160FFF740FE0390FFE793
S3150800428047F20000C4F200000068C00500280CD4FC
S31508004290FFE7FFF733FE0399401A032804D3FFE725
S315080042A003208DF80B0001E0EAE7FFE79DF80B0015
S315080042B000285CD1FFE741F29000C4F202000068D2
S315080042C000F4407004900498C8B1FFE70498059973
S315080042D0096D884213D0FFE741F29000C4F202004C
S315080042E0016821F440710491016841F4803101604C
S315080042F0016821F48031016004990160FFE79DF8A7
S315080043001000C007E8B1FFE7FFF7F8FD0390FFE7E5
S3150800431041F29000C4F202000068800700280ED41B
S31508004320FFE7FFF7EBFD0399401A41F2893188420E
S3150800433004D3FFE703208DF80B0001E0E8E7FFE769
S31508004340FFE79DF80B0060B9FFE741F29000C4F261
S315080043500200016821F44071059A126D114301604B
S3150800436004E09DF80B008DF80A00FFE704E09DF8CD
S315080043700B008DF80A00FFE79DF80900012809D10E
S31508004380FFE741F25800C4F20200016821F08051AB
S315080043900160FFE7FFE705980078C00760B1FFE70F
S315080043A041F28800C4F20200016821F00301059A6F
S315080043B0526811430160FFE70598007880070028D6
S315080043C00CD5FFE741F28800C4F20200016821F02B
S315080043D00C01059A926811430160FFE70598007879
S315080043E0400700280CD5FFE741F28800C4F2020016
S315080043F0016821F03001059AD26811430160FFE790
S3150800440005980078000700280CD5FFE741F28800D8
S31508004410C4F20200016821F0C001059A126911432D
S315080044200160FFE705980078C00600280CD5FFE76D
S3150800443041F28800C4F20200016821F44071059A2D
S31508004440526911430160FFE7059800788006002845
S315080044500CD5FFE741F28800C4F20200016821F496
S315080044604061059A926911430160FFE70598007853
S31508004470400600280CD5FFE741F28800C4F2020086
S31508004480016821F44051059AD26911430160FFE79A
S3150800449005980078000600280CD5FFE741F2880049
S315080044A0C4F20200016821F44041059A126A1143D8
S315080044B00160FFE705984078C00760B1FFE741F261
S315080044C08800C4F20200016821F44031059A526A54
S315080044D011430160FFE705988078800700280CD50E
S315080044E0FFE741F29C00C4F20200016821F00301D3
S315080044F0059A926A11430160FFE70598407880079C
S3150800450000280CD5FFE741F28800C4F202000168D2
S3150800451021F44021059AD26A11430160FFE7059804
S315080045204078400700281BD5FFE741F28800C4F20F
S315080045300200016821F44011059A126B11430160CB
S315080045400598006BB0F5801F09D1FFE741F20C0012
S31508004550C4F20200016841F480110160FFE7FFE739
S3150800456005984078000700281BD5FFE741F2880028
S31508004570C4F20200016821F44001059A526B114306
S3150800458001600598406BB0F5800F09D1FFE741F24D
S315080045900C00C4F20200016841F480110160FFE7D3
S315080045A0FFE705984078C00600281BD5FFE741F2CB
S315080045B08800C4F20200016821F04071059A926BE6
S315080045C0114301600598806BB0F1807F09D1FFE740
S315080045D041F20C00C4F20200016841F48011016046
S315080045E0FFE7FFE705984078800600281BD5FFE718
S315080045F041F28800C4F20200016821F04061059A80
S31508004600D26B114301600598C06BB0F1006F09D1F8
S31508004610FFE741F20C00C4F20200016841F4801180
S315080046200160FFE7FFE705984078400600281BD59C
S31508004630FFE741F28800C4F20200016821F04061F8
S31508004640059A126C114301600598006CB0F1006F71
S3150800465009D1FFE741F20C00C4F20200016841F4F7
S3150800466080110160FFE7FFE70598407800060028FB
S315080046701BD5FFE741F28800C4F20200016821F069
S315080046804051059A526C114301600598406CB0F18F
S31508004690805F09D1FFE741F20C00C4F2020001680D
S315080046A041F480310160FFE7FFE705988078C0078D
S315080046B0D8B1FFE741F28800C4F20200016821F090
S315080046C04041059A926C114301600598806CB0F1DF
S315080046D0804F09D1FFE741F20C00C4F202000168DD
S315080046E041F480310160FFE7FFE7059880784007CD
S315080046F000281BD5FFE741F29C00C4F202000168BE
S3150800470021F44011059AD26C114301600598C06CDA
S31508004710B0F5001F09D1FFE741F20C00C4F2020010
S31508004720016841F480110160FFE7FFE79DF80A0080
S3150800473006B080BD80B586B00490042003900020A2
S315080047400090049820B9FFE701208DF8170081E151
S31508004750039842F20001C4F20201096801F00F0150
S31508004760884216D9FFE742F20000C4F20200016847
S3150800477021F00F01039A11430160006800F00F0051
S315080047800399884204D0FFE701208DF8170061E1FC
S31508004790FFE704980078C007002800F0A380FFE729
S315080047A004984068032839D1FFE741F20000C4F2B3
S315080047B0020000688001002804D4FFE701208DF874
S315080047C0170047E102F0D6FB019001984BF2014130
S315080047D0C0F2C441884220D3FFE741F20800C4F280
S315080047E00200006810F0F00F0AD0FFE7049800787E
S315080047F08007002810D5FFE70498806860B9FFE7AE
S3150800480041F20800C4F202000168082262F30711A7
S31508004810016080200090FFE7FFE738E004984068D1
S3150800482002280ED1FFE741F20000C4F20200006838
S315080048308003002804D4FFE701208DF8170009E15A
S315080048400DE041F20000C4F20200006840050028AD
S3150800485004D4FFE701208DF81700FBE0FFE700F01E
S315080048602BF9019001984BF20141C0F2C4418842EC
S315080048700CD3FFE741F20800C4F2020001680822DF
S3150800488062F30711016080200090FFE7FFE741F21D
S315080048900800C4F20200016821F00301049A526874
S315080048A011430160FFF72AFB0290FFE741F2080077
S315080048B0C4F20200006800F00C0004994968B0EBE5
S315080048C0810F0ED0FFE7FFF719FB0299401A41F254
S315080048D08931884204D3FFE703208DF81700B9E031
S315080048E0E4E7FFE704980078800700282CD5FFE75F
S315080048F0049800784007002809D5FFE741F2080028
S31508004900C4F20200016841F4E0610160FFE704981F
S315080049100078000700280BD5FFE741F20800C4F22B
S315080049200200016841F4E06121F460510160FFE78B
S3150800493041F20800C4F20200016821F0F001049A6D
S315080049409268114301600DE00098802809D1FFE7BD
S3150800495041F20800C4F20200016821F0F00101608A
S31508004960FFE7FFE7039842F20001C4F20201096873
S3150800497001F00F01884228D2FFE742F20000C4F294
S315080049800200016821F00F01039A11430160FFF745
S31508004990B5FA0290FFE742F20000C4F2020000688E
S315080049A000F00F00039988420ED0FFE7FFF7A6FA3A
S315080049B00299401A41F28931884204D3FFE703205D
S315080049C08DF8170046E0E6E7FFE704980078400709
S315080049D000280CD5FFE741F20800C4F2020001687E
S315080049E021F4E061049AD26811430160FFE7049854
S315080049F00078000700280DD5FFE741F20800C4F249
S31508004A000200016821F46051049A126941EAC20160
S31508004A100160FFE700F050F841F20801C4F2020114
S31508004A200968C9B209094DF2EC42C0F60002515CA8
S31508004A3001F01F01C84040F20001C2F200010860FF
S31508004A4040F27000C2F200000068FFF77BFA8DF8AA
S31508004A501700FFE79DF8170006B080BD40F200007A
S31508004A60C2F200000068704780B5FFF7F7FF41F211
S31508004A700801C4F202010968C1F302214DF2FC42A1
S31508004A80C0F60002515C01F01F01C84080BD00005D
S31508004A9080B5FFF7E3FF41F20801C4F20201096895
S31508004AA0C1F3C2214DF2FC42C0F60002515C01F08E
S31508004AB01F01C84080BD000085B041F20800C4F25D
S31508004AC00200006800F00C00042806D1FFE742F255
S31508004AD00040C0F2F400009067E041F20800C4F21A
S31508004AE00200006800F00C00082806D1FFE747F628
S31508004AF04000C0F27D10009056E041F20800C4F272
S31508004B000200006800F00C000C2849D1FFE741F2CA
S31508004B100C00C4F20200016801F003010391006869
S31508004B20C0B2012101EB101001900398022814D09D
S31508004B30FFE7032812D1FFE7019847F64001C0F2C4
S31508004B407D11B1FBF0F041F20C01C4F202010968D3
S31508004B50C1F306214843049011E0FFE7019842F2A9
S31508004B600041C0F2F401B1FBF0F041F20C01C4F2CD
S31508004B7002010968C1F3062148430490FFE741F2A0
S31508004B800C00C4F20200006800F0C060022101EBCC
S31508004B901060029004980299B0FBF1F0009002E0D0
S31508004BA000200090FFE7FFE7FFE7009805B0704791
S31508004BB0B0B588B00690069820B9FFE701208DF8B1
S31508004BC01F00C8E306980078C007002800F09B80FD
S31508004BD0FFE741F20800C4F20200006800F00C008A
S31508004BE0049041F20C00C4F20200006800F00300D1
S31508004BF0039004980C2804D1FFE70398032804D0EF
S31508004C00FFE70498082812D1FFE741F20000C4F232
S31508004C10020000688003002808D5FFE70698406868
S31508004C2020B9FFE701208DF81F0094E36AE0FFE74B
S31508004C3006984068B0F5803F09D1FFE741F20000C9
S31508004C40C4F20200016841F48031016020E0069850
S31508004C504068B0F5A02F0DD1FFE741F20000C4F27D
S31508004C600200016841F480210160016841F4803145
S31508004C7001600CE041F20000C4F20200016821F470
S31508004C8080310160016821F480210160FFE7FFE7B8
S31508004C90FFE706984068D0B1FFE7FFF72FF90590C0
S31508004CA0FFE741F20000C4F2020000688003002812
S31508004CB00CD4FFE7FFF722F90599401A652804D3B3
S31508004CC0FFE703208DF81F0045E3EAE719E0FFF741
S31508004CD015F90590FFE741F20000C4F202000068EA
S31508004CE0800300280CD5FFE7FFF708F90599401A55
S31508004CF0652804D3FFE703208DF81F002BE3EAE7B6
S31508004D00FFE7FFE7FFE7069800788007002840F1ED
S31508004D109F80FFE741F20800C4F20200006800F035
S31508004D200C00049041F20C00C4F20200006800F086
S31508004D300300039004980C2804D1FFE7039802287F
S31508004D4004D0FFE7049804282CD1FFE741F20000BD
S31508004D50C4F2020000684005002808D5FFE7069857
S31508004D60C06820B9FFE701208DF81F00F3E241F281
S31508004D700400C4F20200016821F0FE41069A126995
S31508004D8041EA0261016040F27000C2F20000006868
S31508004D90FFF7D8F820B1FFE701208DF81F00DAE207
S31508004DA0FFE754E00698C06870B3FFE741F20000D9
S31508004DB0C4F20200016841F480710160FFF79EF8B1
S31508004DC00590FFE741F20000C4F2020000684005C2
S31508004DD000280CD4FFE7FFF791F80599401A032835
S31508004DE004D3FFE703208DF81F00B4E2EAE741F297
S31508004DF00400C4F20200016821F0FE41069A126915
S31508004E0041EA0261016021E041F20000C4F20200B9
S31508004E10016821F480710160FFF770F80590FFE7DB
S31508004E2041F20000C4F202000068400500280CD5D3
S31508004E30FFE7FFF763F80599401A032804D3FFE74D
S31508004E4003208DF81F0086E2EAE7FFE7FFE7FFE7A2
S31508004E50069800780007002849D5FFE706984069B4
S31508004E6010B3FFE741F29400C4F20200016841F072
S31508004E7001010160FFF742F80590FFE741F294004F
S31508004E80C4F202000068800700280CD4FFE7FFF789
S31508004E9035F80599401A032804D3FFE703208DF84F
S31508004EA01F0058E2EAE721E041F29400C4F202004A
S31508004EB0016821F001010160FFF720F80590FFE77E
S31508004EC041F29400C4F202000068800700280CD55D
S31508004ED0FFE7FFF713F80599401A032804D3FFE7FD
S31508004EE003208DF81F0036E2EAE7FFE7FFE706989A
S31508004EF000784007002840F1C680FFE700208DF8BB
S31508004F000B0041F25800C4F202000068C0000028F5
S31508004F1013D4FFE7FFE741F25800C4F20200016824
S31508004F2041F080510160006800F0805001900198BE
S31508004F30FFE701208DF80B00FFE747F20000C4F2F7
S31508004F4000000068C005002822D4FFE747F20000E9
S31508004F50C4F20000016841F480710160FEF7CEFFDB
S31508004F600590FFE747F20000C4F200000068C0059C
S31508004F7000280CD4FFE7FEF7C1FF0599401A03285D
S31508004F8004D3FFE703208DF81F00E4E1EAE7FFE713
S31508004F90FFE706988068012809D1FFE741F29000EB
S31508004FA0C4F20200016841F0010101601FE00698A1
S31508004FB0806805280DD1FFE741F29000C4F202008F
S31508004FC0016841F004010160016841F001010160D6
S31508004FD00CE041F29000C4F20200016821F00101E0
S31508004FE00160016821F004010160FFE7FFE7FFE7C0
S31508004FF006988068E0B1FFE7FEF780FF0590FFE7B7
S3150800500041F29000C4F202000068800700280ED41E
S31508005010FFE7FEF773FF0599401A41F28931884286
S3150800502004D3FFE703208DF81F0094E1E8E71BE0AF
S31508005030FEF764FF0590FFE741F29000C4F2020014
S315080050400068800700280ED5FFE7FEF757FF059989
S31508005050401A41F28931884204D3FFE703208DF8CC
S315080050601F0078E1E8E7FFE79DF80B00012809D162
S31508005070FFE741F25800C4F20200016821F08051AE
S315080050800160FFE7FFE7069800788006002849D503
S31508005090FFE70698806910B3FFE741F29800C4F26B
S315080050A00200016841F001010160FEF727FF059043
S315080050B0FFE741F29800C4F2020000688007002862
S315080050C00CD4FFE7FEF71AFF0599401A032804D304
S315080050D0FFE703208DF81F003DE1EAE721E041F2F2
S315080050E09800C4F20200016821F001010160FEF790
S315080050F005FF0590FFE741F29800C4F20200006838
S31508005100800700280CD5FFE7FEF7F8FE0599401A38
S31508005110032804D3FFE703208DF81F001BE1EAE705
S31508005120FFE7FFE70698C069002800F01081FFE74F
S3150800513041F20800C4F20200006800F00C000C28D6
S3150800514000F0AC80FFE70698C069022878D1FFE72F
S3150800515041F20000C4F20200016821F0807101608A
S31508005160FEF7CCFE0590FFE741F20000C4F202000C
S315080051700068800100280CD5FFE7FEF7BFFE0599F9
S31508005180401A032804D3FFE703208DF81F00E2E046
S31508005190EAE741F20C0EC4F2020EDEF8001048F2FD
S315080051A00C02C0F29F1201EA020C069A136A516AAF
S315080051B0906AD46A6FF00F0505EB0111194341EAAD
S315080051C00020116B0023CFF6E07303EA0151A1F525
S315080051D000110843516B4FF07E4202EA016101F16A
S315080051E07E41084340EAC46040EA0C00CEF800005D
S315080051F041F20000C4F20200016841F080710160CA
S31508005200DEF8000040F08070CEF80000FEF776FE6B
S315080052100590FFE741F20000C4F202000068800131
S3150800522000280CD4FFE7FEF769FE0599401A032803
S3150800523004D3FFE703208DF81F008CE0EAE72CE093
S3150800524041F20000C4F20200016821F08071016099
S31508005250FEF754FE0590FFE741F20000C4F2020093
S315080052600068800100280CD5FFE7FEF747FE059980
S31508005270401A032804D3FFE703208DF81F006AE0CD
S31508005280EAE741F20C00C4F2020001684FF6FC722C
S31508005290CFF6EE6211400160FFE757E00698C06955
S315080052A0012804D1FFE701208DF81F0053E041F2E1
S315080052B00C00C4F2020000680390039800F0030093
S315080052C00699096A88423BD1FFE7039800F0F00087
S315080052D00699496A6FF00F0202EB011188422FD135
S315080052E0FFE7039800F4FE400699896AB0EB012FA0
S315080052F026D1FFE7039800F078400699C96AB0EB13
S31508005300C16F1DD1FFE7039800F4C0000699096B29
S315080053100022CFF6E07202EA0151A1F50011884297
S315080053200ED1FFE7039800F0C0600699496B4FF06D
S315080053307E4202EA016101F17E41884204D0FFE71C
S3150800534001208DF81F0006E0FFE7FFE7FFE70020D2
S315080053508DF81F00FFE79DF81F0008B0B0BD0000DC
S3150800536081B0042000900098042809D1FFE74EF286
S315080053701000CEF20000016841F00401016008E067
S315080053804EF21000CEF20000016821F0040101601F
S31508005390FFE701B07047000080B582B00190019820
S315080053A001F048FE02B080BD83B00190FFE7019886
S315080053B090F88400012804D1FFE702208DF80B003D
S315080053C02CE00198012180F88410FFE7FFE7019897
S315080053D02421C0F888100198006800680090019898
S315080053E00068016821F001010160009820F0005072
S315080053F000900198002141660098019909680860A3
S3150800540001982021C0F88810FFE70198002180F84C
S315080054108410FFE700208DF80B00FFE79DF80B00CE
S3150800542003B0704782B00190ADF8021002B0704721
S3150800543081B0009001B0704780B584B0029000201A
S315080054400190FFE7029890F88400012804D1FFE74D
S3150800545002208DF80F0032E00298012180F88410AE
S31508005460FFE7FFE702982421C0F888100298006831
S315080054700068009002980068016821F00101016047
S3150800548002980068806820F06060019908430299D4
S3150800549009688860029801F06BFE0098029909680D
S315080054A0086002982021C0F88810FFE702980021BA
S315080054B080F88410FFE700208DF80F00FFE79DF8BD
S315080054C00F0004B080BD000080B584B002900020B3
S315080054D00190FFE7029890F88400012804D1FFE7BD
S315080054E002208DF80F0032E00298012180F884101E
S315080054F0FFE7FFE702982421C0F8881002980068A1
S315080055000068009002980068016821F001010160B6
S3150800551002980068806820F0604001990843029963
S3150800552009688860029801F023FE009802990968C4
S31508005530086002982021C0F88810FFE70298002129
S3150800554080F88410FFE700208DF80F00FFE79DF82C
S315080055500F0004B080BD000081B0009001B0704714
S3150800556081B0009001B0704780B586B00490FFE71F
S31508005570FFE70498006850E8000F20F49070039045
S31508005580FFE703980499096841E80002002AF0D168
S31508005590FFE7FFE7FFE7FFE70498006850E8020F18
S315080055A04FF6FE71CEF6FF7108400290FFE70298AB
S315080055B00499096841E80202002AEDD1FFE7FFE7EE
S315080055C00498C06E012814D1FFE7FFE7FFE70498A7
S315080055D0006850E8000F20F010000190FFE70198DE
S315080055E00499096841E80002002AF0D1FFE7FFE7BD
S315080055F0FFE70498006880684006002837D5FFE76B
S31508005600FFE7FFE70498006850E8020F20F0400023
S315080056100090FFE700980499096841E80202002A09
S31508005620F0D1FFE7FFE70498D0F88000F0B1FFE774
S315080056300498D0F88000002181630498D0F880008F
S31508005640FDF76EF888B1FFE70498D0F88000FDF7FB
S3150800565025F9202808D1FFE704981021C0F89010F2
S3150800566003208DF8170016E0FFE7FFE7FFE7049829
S3150800567000680F21016204980068816941F00801F9
S31508005680816104982021C0F88C1004980021C16615
S315080056908DF81710FFE706B080BD000080B584B00E
S315080056A00390039808B9FFE787E0039800F088F8A5
S315080056B00290029808B9FFE77FE09DF80800C00746
S315080056C028B1FFE70398006801210162FFE79DF80A
S315080056D008008007002805D5FFE70398006804211D
S315080056E00162FFE79DF808004007002805D5FFE797
S315080056F00398006802210162FFE79DF80800000789
S31508005700002805D5FFE70398006808210162FFE72E
S31508005710FFE703980068816941F0080181610398F1
S315080057200068816941F010018161FFE7039805F07F
S31508005730A9F80190019868B1FFE70398D0F88000AE
S3150800574040B1FFE70198806820B1FFE7019800693A
S3150800575008B9FFE731E00398FFF706FF0198002133
S31508005760C1600198006840B1FFE701980068002110
S315080057700160019800684160FFE700200090FFE79C
S315080057800098022818D8FFE70398019A9168128AA8
S3150800579000F05AFD58B9FFE7039800681021016226
S315080057A003980068016841F01001016005E0FFE711
S315080057B0009801300090E3E7FFE704B080BD0000E1
S315080057C081B000900098D0F8900001B070470000B2
S315080057D080B590B00F900F980068C0690E900F982A
S315080057E0006800680D900F98006880680C900E9805
S315080057F040F60F0108400B900B98E0B9FFE79DF8BB
S3150800580038008006002815D5FFE79DF83400800685
S31508005810002806D4FFE79DF83300C006002809D5FE
S31508005820FFE70F98406F20B1FFE70F98416F884751
S31508005830FFE796E2FFE70B98002800F00C81FFE7E8
S315080058400C980121C1F20001084209D1FFE70D9821
S3150800585040F22011C0F20041084200F0FC80FFE748
S315080058609DF83800C00788B1FFE79DF83500C007E6
S3150800587060B1FFE70F980068012101620F98D0F820
S31508005880901041F00101C0F89010FFE79DF838002C
S315080058908007002811D5FFE79DF83000C00760B1E2
S315080058A0FFE70F980068022101620F98D0F8901060
S315080058B041F00401C0F89010FFE79DF83800400752
S315080058C0002811D5FFE79DF83000C00760B1FFE753
S315080058D00F980068042101620F98D0F8901041F0E3
S315080058E00201C0F89010FFE79DF83800000700286D
S315080058F019D5FFE79DF834008006002807D4FFE78E
S315080059000C980121C1F2000108420CD0FFE70F985C
S315080059100068082101620F98D0F8901041F008013C
S31508005920C0F89010FFE79DF839000007002813D546
S31508005930FFE79DF83700400700280DD5FFE70F98C9
S3150800594000684FF4006101620F98D0F8901041F09A
S315080059502001C0F89010FFE70F98D0F890000028B3
S3150800596078D0FFE79DF838008006002815D5FFE7B0
S315080059709DF834008006002806D4FFE79DF833001A
S31508005980C006002809D5FFE70F98406F20B1FFE74A
S315080059900F98416F8847FFE7FFE70F98D0F8900008
S315080059A00A900F980068806800F04000402806D0EA
S315080059B0FFE79DF8280010F0280F42D0FFE70F9860
S315080059C001F0BAFE0F98006880684006002833D5B3
S315080059D0FFE7FFE7FFE70F98006850E8020F20F09F
S315080059E040000990FFE709980F99096841E8020203
S315080059F0002AF0D1FFE7FFE70F98D0F88000B0B192
S31508005A00FFE70F98D0F8800047F27D41C0F6000105
S31508005A1081630F98D0F88000FCF7DEFE30B1FFE70F
S31508005A200F98D0F88000816B8847FFE703E00F984E
S31508005A30FFF734FEFFE703E00F98FFF72FFEFFE7B7
S31508005A4007E00F98FFF72AFE0F980021C0F890107C
S31508005A50FFE7FFE785E10F98C06E012840F0228135
S31508005A60FFE79DF83800C006002840F11B81FFE7D4
S31508005A709DF83400C006002840F11481FFE70F980E
S31508005A800068102101620F980068806840060028A7
S31508005A9040F1A680FFE70F98D0F8800000684068BC
S31508005AA0ADF82200BDF8220000287CD0FFE7BDF83B
S31508005AB022000F99B1F85C10884274DAFFE7BDF846
S31508005AC022000F99A1F85E000F98D0F880000068B0
S31508005AD000688006002859D4FFE7FFE7FFE70F981C
S31508005AE0006850E8000F20F480700790FFE70798D9
S31508005AF00F99096841E80002002AF0D1FFE7FFE79D
S31508005B00FFE7FFE70F98006850E8020F20F0010052
S31508005B100690FFE706980F99096841E80202002AED
S31508005B20F0D1FFE7FFE7FFE7FFE70F98006850E8C7
S31508005B30020F20F040000590FFE705980F990968C5
S31508005B4041E80202002AF0D1FFE7FFE70F9820217B
S31508005B50C0F88C100F980021C166FFE7FFE70F9881
S31508005B60006850E8000F20F010000490FFE7049842
S31508005B700F99096841E80002002AF0D1FFE7FFE71C
S31508005B800F98D0F88000FCF7CBFDFFE70F980221AD
S31508005B9001670F98B0F85C10B0F85E20891A89B2D0
S31508005BA0FFF740FC1BE0BDF822000F99B1F85C1026
S31508005BB0884213D1FFE70F98D0F880000068006884
S31508005BC08006002809D5FFE70F98022101670F987C
S31508005BD0B0F85C10FFF726FCFFE7FFE7FFE7C0E039
S31508005BE00F98B0F85C10B0F85E00081AADF80E0011
S31508005BF00F98B0F85E00002853D0FFE7BDF80E00F6
S31508005C0000284ED0FFE7FFE7FFE70F98006850E847
S31508005C10000F20F490700290FFE702980F99096828
S31508005C2041E80002002AF0D1FFE7FFE7FFE7FFE7B8
S31508005C300F98006850E8020F4FF6FE71CEF6FF7116
S31508005C4008400190FFE701980F99096841E80202A8
S31508005C50002AEDD1FFE7FFE70F982021C0F88C1046
S31508005C600F980021C1660F984167FFE7FFE70F9875
S31508005C70006850E8000F20F010000090FFE7009839
S31508005C800F99096841E80002002AF0D1FFE7FFE70B
S31508005C900F98022101670F98BDF80E10FFF7C2FB97
S31508005CA0FFE75EE09DF83A00C00600280FD5FFE73B
S31508005CB09DF832004006002809D5FFE70F980068CE
S31508005CC04FF4801101620F98FFF74AFC49E09DF8EE
S31508005CD038000006002815D5FFE79DF834000006B1
S31508005CE0002806D4FFE79DF832000006002809D5EB
S31508005CF0FFE70F98806F20B1FFE70F98816F8847FD
S31508005D00FFE72EE09DF83800400600280AD5FFE791
S31508005D109DF834004006002804D5FFE70F9801F0E7
S31508005D205BFD1EE09DF83A00000600280AD5FFE74D
S31508005D309DF837004006002804D5FFE70F98FFF7BF
S31508005D400BFC0EE09DF83B00C00750B1FFE79DF83D
S31508005D5037000006002804D5FFE70F98FFF768FB11
S31508005D60FFE710B080BD000080B582B000900098B3
S31508005D7020B9FFE701208DF8070046E00098806902
S31508005D8008B1FFE700E0FFE70098D0F8880040B9BF
S31508005D90FFE70098002180F88410009800F03AF890
S31508005DA0FFE700982421C0F8881000980068016869
S31508005DB021F0010101600098806A20B1FFE7009890
S31508005DC001F01AFAFFE7009801F056FD012804D100
S31508005DD0FFE701208DF8070017E000980068416882
S31508005DE021F49041416000980068816821F02A01F9
S31508005DF0816000980068016841F00101016000981F
S31508005E0001F09EFA8DF80700FFE79DF8070002B03B
S31508005E1080BD000080B5A4B0239000202290219078
S31508005E2020901F901E9009A85421FBF74CFE23983A
S31508005E30006848F20001C4F20001884240F08E80F2
S31508005E40FFE72020099000200F9009A8FEF7DEF949
S31508005E5018B1FFE7FCF7C0FBFFE7FFE741F25C007C
S31508005E60C4F20200016841F001010160006800F017
S31508005E70010008900898FFE7FFE741F24C00C4F2DA
S31508005E800200016841F002010160006800F00200AA
S31508005E9007900798FFE74FF440601E9002201F9076
S31508005EA00121209121900820229040F20040C4F65A
S31508005EB000001EA9FDF726FE40F29020C2F200005F
S31508005EC03021C4F202010160222141600021816073
S31508005ED0C1608022026141618161C1610162FCF792
S31508005EE091FD18B1FFE7FCF777FBFFE7FFE723987B
S31508005EF040F29021C2F20001C0F88010239888620F
S31508005F00FFE740F2F020C2F200004421C4F2020189
S31508005F10016023214160102181600021C160802237
S31508005F20026141618161C1610162FCF76BFD18B1D3
S31508005F30FFE7FCF751FBFFE7FFE7239840F2F02164
S31508005F40C2F20001C16723988862FFE75B2005213A
S31508005F50FEF75CF85B20FEF74FF872E123980068BD
S31508005F6044F60041C4F20001884240F08E80FFE703
S31508005F700820099000200D9009A8FEF747F918B1E6
S31508005F80FFE7FCF729FBFFE7FFE741F25800C4F2F9
S31508005F900200016841F400210160006800F4002055
S31508005FA006900698FFE7FFE741F24C00C4F20200AC
S31508005FB0016841F004010160006800F004000590E2
S31508005FC00598FFE74FF440601E9002201F900121BC
S31508005FD0209121900520229040F60000C4F600008A
S31508005FE01EA9FDF78FFD40F25030C2F2000058217D
S31508005FF0C4F2020101601E21416000218160C16076
S315080060008022026141618161C1610162FCF7FAFC8B
S3150800601018B1FFE7FCF7E0FAFFE7FFE7239840F23D
S315080060205031C2F20001C0F8801023988862FFE759
S3150800603040F2B030C2F200006C21C4F202010160E5
S315080060401F214160102181600021C1608022026108
S3150800605041618161C1610162FCF7D4FC18B1FFE7B7
S31508006060FCF7BAFAFFE7FFE7239840F2B031C2F22D
S315080060700001C16723988862FFE734200521FDF7F0
S31508006080C5FF3420FDF7B8FFDAE02398006843F629
S315080060900001C4F20101884240F08C80FFE701202C
S315080060A0099000200A9009A8FEF7B0F818B1FFE792
S315080060B0FCF792FAFFE7FFE741F26000C4F202003C
S315080060C0016841F480410160006800F48040049052
S315080060D00498FFE7FFE741F24C00C4F202000168AA
S315080060E041F001010160006800F001000390039887
S315080060F0FFE74FF4C0601E9002201F9001212091F7
S315080061002190072022901EA94FF09040FDF7FAFC37
S3150800611040F21040C2F200000821C4F202010160F8
S315080061201821416000218160C160802202614161BD
S315080061308161C1610162FCF765FC18B1FFE7FCF7F4
S315080061404BFAFFE7FFE7239840F21041C2F200013D
S31508006150C0F8801023988862FFE740F27040C2F2C8
S3150800616000001C21C4F202010160192141601021BE
S3150800617081600021C1608022026141618161C16143
S315080061800162FCF73FFC18B1FFE7FCF725FAFFE7C9
S31508006190FFE7239840F27041C2F20001C1672398D5
S315080061A08862FFE725200521FDF730FF2520FDF74A
S315080061B023FF44E02398006844F20041C4F200013A
S315080061C088423BD1FFE70220099000200B9009A8DE
S315080061D0FEF71CF818B1FFE7FCF7FEF9FFE7FFE743
S315080061E041F25800C4F20200016841F4003101602E
S315080061F0006800F4003002900298FFE7FFE741F2DA
S315080062004C00C4F20200016841F008010160006810
S3150800621000F0080001900198FFE760201E90022018
S315080062201F900121209121900720229040F60040DE
S31508006230C4F600001EA9FDF765FCFFE7FFE7FFE7C8
S31508006240FFE724B080BD000080B586B004900391B6
S31508006250ADF80A200498D0F88C0020283CD1FFE736
S31508006260039820B1FFE7BDF80A0020B9FFE701202F
S315080062708DF8170034E004980021C1660498006878
S3150800628048F20001C4F2000188421CD0FFE70498D6
S31508006290006840680002002814D5FFE7FFE7FFE71B
S315080062A00498006850E8000F40F080600190FFE70E
S315080062B001980499096841E80002002AF0D1FFE72D
S315080062C0FFE7FFE7FFE704980399BDF80A2001F006
S315080062D09FFD8DF8170003E002208DF81700FFE7F1
S315080062E09DF8170006B080BD80B582B00190019870
S315080062F0D0F8800020B1FFE7019804F0BDF8FFE769
S3150800630002B080BD80B582B001900198D0F88000B7
S3150800631020B1FFE7019804F0F5F8FFE702B080BD69
S3150800632080B588B006900591ADF8122064200390D8
S315080063300698D0F88800202840F08E80FFE7059858
S3150800634020B1FFE7BDF8120020B9FFE701208DF85C
S315080063501F0085E006980021C0F8901006982121B4
S31508006360C0F88810FDF7CAFD0090BDF8120006991E
S31508006370A1F85400BDF812000699A1F8560006982F
S315080063808068B0F5805F09D1FFE70698006928B9EB
S31508006390FFE7002002900598019004E00598029016
S315080063A000200190FFE7FFE70698B0F85600D8B33B
S315080063B0FFE70698009A039B802101F0C1FD40B1D2
S315080063C0FFE706982021C0F8881003208DF81F00E3
S315080063D046E0029858B9FFE7019800886FF35F20F6
S315080063E006990968886201980230019008E00298C7
S315080063F00078069909688862029801300290FFE7DA
S315080064000698D0F8880000F02100212807D1FFE778
S315080064100698B0F856100139A0F8561003E0012086
S315080064208DF81F001CE0BFE70698009A039B4021E1
S3150800643001F086FD40B1FFE706982021C0F88810D4
S3150800644003208DF81F000BE006982021C0F888105D
S3150800645000208DF81F0003E002208DF81F00FFE7DB
S3150800646008B080BD80B586B004900391ADF80A20C7
S315080064700498D0F88800202870D1FFE7039820B147
S31508006480FFE7BDF80A0020B9FFE701208DF81700DD
S3150800649068E0039804990865BDF80A000499A1F80C
S315080064A05400BDF80A000499A1F856000498002182
S315080064B0C0F8901004982121C0F888100498C06F7D
S315080064C088B3FFE70498C06F47F2A561C0F60001DC
S315080064D0C1620498C06F47F22171C0F600010163DA
S315080064E00498C06F47F29541C0F6000141630498CD
S315080064F0C06F0021816304980268016DC06F28325D
S31508006500BDF80A30FCF72CFB60B1FFE704981021B0
S31508006510C0F8901004982021C0F8881001208DF842
S3150800652017001FE0FFE70498006840210162FFE7B3
S31508006530FFE70498006850E8020F40F080000190D9
S31508006540FFE701980499096841E80202002AF0D198
S31508006550FFE7FFE700208DF8170003E002208DF81B
S315080065601700FFE706B080BD81B0009001B0704704
S3150800657081B0009001B07047FFE7FEE781B0009058
S315080065800098C069C0B2C00901B0704782B00190D6
S315080065908DF803109DF803000199886202B07047D0
S315080065A080B540F2FC50C2F200000068C069C0061F
S315080065B0002812D5FFE740F2FC50C2F20000C06E78
S315080065C001280AD0FFE740F2FC50C2F20000016839
S315080065D010220A6203F0C8FFFFE740F2FC50C2F23D
S315080065E00000FFF7F5F880BD80B582B0FFE741F2FD
S315080065F04800C4F20200016841F004010160006825
S3150800660000F0040001900198FFE7FFE741F2480017
S31508006610C4F20200016841F001010160006800F05F
S31508006620010000900098FFE70B200021FDF7EEFC23
S315080066300B20FDF7E1FC0C200021FDF7E7FC0C2000
S31508006640FDF7DAFC0D200021FDF7E0FC0D20FDF733
S31508006650D3FC0E200021FDF7D9FC0E20FDF7CCFC5B
S315080066600F200521FDF7D2FC0F20FDF7C5FC1020F1
S315080066700521FDF7CBFC1020FDF7BEFC02B080BD5E
S3150800668080B586B040F2D040C2F2000046F2004122
S31508006690C4F200010160002141608160C1600122ED
S315080066A00274417482744FF00A0CC0F814C00423B3
S315080066B08361C0F81CC00623036242628262C2621A
S315080066C00263022242638263C163FCF7F5FE18B1D6
S315080066D0FFE7FBF781FFFFE700200090019001210B
S315080066E00391049005900220029040F2D040C2F235
S315080066F000006946FCF7FCFB18B1FFE7FBF76CFFE7
S31508006700FFE70020009001210191022103910490E6
S315080067100590029140F2D040C2F200006946FCF7AB
S31508006720E7FB18B1FFE7FBF757FFFFE74FF080409D
S315080067300090002001900121039104900590022009
S31508006740029040F2D040C2F200006946FCF7D0FB46
S3150800675018B1FFE7FBF740FFFFE74FF080400090D6
S3150800676001200190022003900021049105910290D6
S3150800677040F2D040C2F200006946FCF7B9FB18B1F6
S31508006780FFE7FBF729FFFFE740F2D040C2F200001F
S3150800679001210122FCF7A6FA18B1FFE7FBF71CFF57
S315080067A0FFE740F2D040C2F2000008210222FCF7BF
S315080067B099FA18B1FFE7FBF70FFFFFE740F2D04061
S315080067C0C2F20000FDF75AF918B1FFE7FBF704FF1C
S315080067D0FFE706B080BD000080B586B040F23450B1
S315080067E0C2F2000046F60001C4F200010160002171
S315080067F041608160C16001220274417482744FF065
S315080068000A0CC0F814C004238361C0F81CC0062310
S31508006810036242628262C262026302224263826346
S31508006820C163FCF749FE18B1FFE7FBF7D5FEFFE7A2
S315080068300020009001900121039104900590022008
S31508006840029040F23450C2F200006946FCF750FB51
S3150800685018B1FFE7FBF7C0FEFFE700200090012113
S3150800686001910221039104900590029140F234505F
S31508006870C2F200006946FCF73BFB18B1FFE7FBF7DD
S31508006880ABFEFFE74FF08040009000200190012109
S315080068900391049005900220029040F23450C2F20F
S315080068A000006946FCF724FB18B1FFE7FBF794FEE6
S315080068B0FFE74FF0804000900120019002200390EE
S315080068C0002104910591029040F23450C2F2000072
S315080068D06946FCF70DFB18B1FFE7FBF77DFEFFE7FE
S315080068E040F23450C2F2000001210122FCF7FAF905
S315080068F018B1FFE7FBF770FEFFE740F23450C2F22B
S31508006900000008210222FCF7EDF918B1FFE7FBF7B2
S3150800691063FEFFE740F23450C2F20000FDF7AEF81E
S3150800692018B1FFE7FBF758FEFFE706B080BD000089
S3150800693080B586B040F29850C2F2000046F6004193
S31508006940C4F200010160002141608160C16001223A
S315080069500274417482744FF00A0CC0F814C0042300
S315080069608361C0F81CC00623036242628262C26267
S315080069700263022242638263C163FCF79DFD18B17C
S31508006980FFE7FBF729FEFFE70020009001900121B1
S315080069900391049005900220029040F29850C2F2AA
S315080069A000006946FCF7A4FA18B1FFE7FBF714FEE6
S315080069B0FFE7002000900121019102210391049034
S315080069C00590029140F29850C2F200006946FCF721
S315080069D08FFA18B1FFE7FBF7FFFDFFE74FF080409E
S315080069E00090002001900121039104900590022057
S315080069F0029040F29850C2F200006946FCF778FA15
S31508006A0018B1FFE7FBF7E8FDFFE74FF0804000907D
S31508006A100120019002200390002104910591029023
S31508006A2040F29850C2F200006946FCF761FA18B1C4
S31508006A30FFE7FBF7D1FDFFE740F29850C2F20000EE
S31508006A4001210122FCF74EF918B1FFE7FBF7C4FD57
S31508006A50FFE740F29850C2F2000008210222FCF734
S31508006A6041F918B1FFE7FBF7B7FDFFE740F2985089
S31508006A70C2F20000FDF702F818B1FFE7FBF7ACFD1C
S31508006A80FFE706B080BD00002DE9F04F8DB000206D
S31508006A900C900B900A9009900890FFE741F24C0081
S31508006AA0C4F20200016841F010010160006800F0BC
S31508006AB0100007900798FFE7FFE741F24C00C4F281
S31508006AC00200016841F004010160006800F004005A
S31508006AD006900698FFE7FFE741F24C00C4F2020071
S31508006AE0016841F020010160006800F0200005906F
S31508006AF00598FFE7FFE741F24C00C4F2020001687F
S31508006B0041F040010160006800F0400004900498DC
S31508006B10FFE7FFE741F24C00C4F20200016841F0CA
S31508006B2001010160006800F0010003900398FFE787
S31508006B30FFE741F24C00C4F20200016841F002018D
S31508006B400160006800F0020002900298FFE7FFE784
S31508006B5041F24C00C4F20200016841F008010160EC
S31508006B60006800F0080001900198FFE740F200492C
S31508006B70C4F6000903250024484603210022FDF730
S31508006B80A7F940F60048C4F600084FF4804A404684
S31508006B904FF480410022FDF79BF94FF6FF700890ED
S31508006BA009950A9441F20000C4F6000008AE314681
S31508006BB0FCF7A8FF42F23000089009944FF0010B49
S31508006BC0CDF828B040F60007C4F600073846314627
S31508006BD0FCF798FF40F20460089009950A9441F280
S31508006BE00040C4F600003146FCF78CFF4FF4806085
S31508006BF0089009950A9441F60000C4F6000031464B
S31508006C00FCF780FF41F2CF30089009950A94384680
S31508006C103146FCF777FFCDF820B0099402270A978A
S31508006C204FF090403146FCF76DFF41F6FE000890A4
S31508006C3009950A944FF090403146FCF763FF089592
S31508006C40CDF824B0CDF828B00B9748463146FCF766
S31508006C5059FF4FF29430089009950A9448463146F0
S31508006C60FCF750FF4BF69C70089009950A9440462D
S31508006C703146FCF747FFCDF820A0CDF824B00A949A
S31508006C800B9740463146FCF73DFF0DB0BDE8F08F47
S31508006C9080B540F2FC50C2F2000048F20001C4F28E
S31508006CA0000101604FF4E131416000218160C1605B
S31508006CB001610C2242618161016241628162FFF7D2
S31508006CC053F818B1FFE7FBF787FCFFE740F2FC50E3
S31508006CD0C2F20000FEF7F8FB18B1FFE7FBF77CFCF1
S31508006CE0FFE740F2FC50C2F20000FEF7A5FB18B120
S31508006CF0FFE7FBF771FCFFE740F2FC50C2F2000029
S31508006D00FEF752FB18B1FFE7FBF766FCFFE780BD0D
S31508006D1080B540F2B870C2F2000044F60041C4F2F1
S31508006D20000101604FF46131416000218160C1605A
S31508006D3001610C2242618161C16101624162816225
S31508006D40FFF712F818B1FFE7FBF746FCFFE740F23A
S31508006D50B870C2F20000FEF7B7FB18B1FFE7FBF701
S31508006D603BFCFFE740F2B870C2F20000FEF764FB96
S31508006D7018B1FFE7FBF730FCFFE740F2B870C2F244
S31508006D800000FEF711FB18B1FFE7FBF725FCFFE74C
S31508006D9080BD000080B540F29060C2F2000043F664
S31508006DA00001C4F2010101604FF4E13141600021A4
S31508006DB08160C16001610C2242618161C161016229
S31508006DC041628162FEF7D0FF18B1FFE7FBF704FCCA
S31508006DD0FFE740F29060C2F20000FEF775FB18B1BB
S31508006DE0FFE7FBF7F9FBFFE740F29060C2F200000D
S31508006DF0FEF722FB18B1FFE7FBF7EEFBFFE740F2D1
S31508006E009060C2F20000FEF7CFFA18B1FFE7FBF771
S31508006E10E3FBFFE780BD000080B540F22470C2F2B4
S31508006E20000044F20041C4F2000101604FF4E13170
S31508006E30416000218160C16001610C22426181616B
S31508006E40C161016241628162FEF78EFF18B1FFE7F8
S31508006E50FBF7C2FBFFE740F22470C2F20000FEF720
S31508006E6033FB18B1FFE7FBF7B7FBFFE740F22470E7
S31508006E70C2F20000FEF7E0FA18B1FFE7FBF7ACFB39
S31508006E80FFE740F22470C2F20000FEF78DFA18B14F
S31508006E90FFE7FBF7A1FBFFE780BD0000FFE7FEE782
S31508006EA0FFE7FEE786B0059004910392059800F087
S31508006EB0070002900298C0F10700052802D3FFE7F1
S31508006EC0042003E00298C0F10700FFE7019002984A
S31508006ED00430062802D8FFE7002002E002980338AB
S31508006EE0FFE7009004980199012202FA01F101399D
S31508006EF0084000998840039B02FA01F101391940BC
S31508006F00084306B0704700000000000000000000BB
S31508006F10EFF30980BFF36F8F154B1A681EF0100F39
S31508006F2008BF20ED108A20E9F04F10602DE909000E
S31508006F304FF0500080F31188BFF34F8FBFF36F8F68
S31508006F4004F00AF94FF0000080F31188BDE8090043
S31508006F5019680868B0E8F04F1EF0100F08BFB0ECCB
S31508006F60108A80F30988BFF36F8F704700BF00BF90
S31508006F707008002085B041F20C00C4F202000168D6
S31508006F8001F0030103910068C0B2012101EB101062
S31508006F9001900398022814D0FFE7032812D1FFE7CF
S31508006FA0019847F64001C0F27D11B1FBF0F041F2BD
S31508006FB00C01C4F202010968C1F306214843049092
S31508006FC011E0FFE7019842F20041C0F2F401B1FB7B
S31508006FD0F0F041F20C01C4F202010968C1F306217E
S31508006FE048430490FFE741F20C00C4F2020000682F
S31508006FF000F0C060022101EB10600290049802992B
S31508007000B0FBF1F00090009805B070470000000052
S31508007010074B19680868B0E8F04F80F30988BFF392
S315080070206F8F4FF0000080F31188704700BF00BFD4
S315080070307008002080B582B0009000980138B0F141
S31508007040807F03D3FFE70120019019E000980138FB
S315080070504EF21401CEF2000108604FF0FF300F2106
S3150800706001F046F84EF21800CEF200000021016049
S315080070704EF21000CEF20000072202600191FFE7EF
S31508007080019802B080BD000080B504F001FD01281A
S3150800709003D0FFE704F0B2F9FFE7FCF735FF80BD40
S315080070A010B594B006AC20463821FAF70CFD00203E
S315080070B005900490039002900190FCF7C9FF012007
S315080070C006904FF48030079002200D9003210E9110
S315080070D005210F914421109111901290139020468A
S315080070E0FDF766FD18B1FFE7FBF776FAFFE70F2015
S315080070F0019003200290002003900490059001A8B7
S31508007100FDF718FB18B1FFE7FBF766FAFFE714B0BF
S3150800711010BD00004EF68850CEF20000016841F41A
S31508007120700101607047000080B540F2B870C2F285
S3150800713000000068C069C006002812D5FFE740F2C3
S31508007140B870C2F20000C06E01280AD0FFE740F20C
S31508007150B870C2F20000016810220A6203F004FA4D
S31508007160FFE740F2B870C2F20000FEF731FB80BDBF
S3150800717082B001900198406E40B9FFE7019801215D
S31508007180A0F86A100198A0F8681032E008208DF877
S3150800719003008DF80200019800688068C0F3426019
S315080071A08DF80100019800688068400F8DF800008E
S315080071B09DF802009DF800104DF20452C0F6000238
S315080071C0535C58434DF20C53C0F60003595CB0FBB0
S315080071D0F1F00199A1F86A009DF803009DF80110E5
S315080071E0525C5043595CB0FBF1F00199A1F8680074
S315080071F0FFE702B07047000081B00090009890F851
S315080072002800000700280BD5FFE7009800684068AB
S3150800721020F4004000990A68896B08435060FFE72C
S31508007220009890F82800C00758B1FFE70098006852
S31508007230406820F4003000990A68C96A084350601B
S31508007240FFE7009890F82800800700280BD5FFE78D
S3150800725000980068406820F4803000990A68096B35
S3150800726008435060FFE7009890F828004007002878
S315080072700BD5FFE700980068406820F48020009945
S315080072800A68496B08435060FFE7009890F82800A1
S31508007290C00600280BD5FFE700980068806820F430
S315080072A0805000990A68C96B08439060FFE7009808
S315080072B090F82800800600280BD5FFE7009800689C
S315080072C0806820F4005000990A68096C08439060A9
S315080072D0FFE7009890F82800400600281CD5FFE72D
S315080072E000980068406820F4801000990A68496C84
S315080072F0084350600098406CB0F5801F0BD1FFE73B
S3150800730000980068406820F4C00000990A68896CF3
S3150800731008435060FFE7FFE7009890F8280000064A
S3150800732000280BD5FFE700980068406820F4002085
S3150800733000990A68C96C08435060FFE701B07047B6
S3150800734080B586B0049004980021C0F89010FCF728
S31508007350D5FD0390049800680068000700282CD51E
S31508007360FFE70498039A4FF400116FF07E4300F08C
S31508007370E7FD08B3FFE7FFE7FFE70498006850E872
S31508007380000F20F080000290FFE702980499096830
S3150800739041E80002002AF0D1FFE7FFE70498202120
S315080073A0C0F88810FFE70498002180F88410FFE7EA
S315080073B003208DF817005CE0FFE704980068006872
S315080073C0400700283FD5FFE70498039A4FF4800149
S315080073D06FF07E4300F0B4FDA0B3FFE7FFE7FFE7D9
S315080073E00498006850E8000F20F490700190FFE7B9
S315080073F001980499096841E80002002AF0D1FFE7DC
S31508007400FFE7FFE7FFE70498006850E8020F20F05F
S3150800741001000090FFE700980499096841E8020214
S31508007420002AF0D1FFE7FFE704982021C0F88C1066
S31508007430FFE70498002180F88410FFE703208DF801
S31508007440170016E0FFE704982021C0F88810049872
S31508007450C0F88C1004980021C16604980167FFE7FC
S315080074600498002180F88410FFE700208DF81700A3
S31508007470FFE79DF8170006B080BD000080B582B012
S3150800748001900198806A00900098FEF707F902B00B
S3150800749080BD000080B584B003900398806A02908E
S315080074A00298D0F8880001900298D0F88C000090D5
S315080074B00298006880680006002808D5FFE701984A
S315080074C0212804D1FFE7029800F0A8F9FFE70298FF
S315080074D0006880684006002808D5FFE7009822283B
S315080074E004D1FFE7029800F027F9FFE70298D0F8E1
S315080074F0901041F01001C0F890100298FEF7CEF8EF
S3150800750004B080BD80B588B007900798806A069059
S31508007510079800680068800600285BD4FFE706988D
S315080075200021A0F85E10FFE7FFE70698006850E81C
S31508007530000F20F480700590FFE705980699096802
S3150800754041E80002002AF0D1FFE7FFE7FFE7FFE77F
S315080075500698006850E8020F20F001000490FFE743
S3150800756004980699096841E80202002AF0D1FFE763
S31508007570FFE7FFE7FFE70698006850E8020F20F0EC
S3150800758040000390FFE703980699096841E802025C
S31508007590002AF0D1FFE7FFE706982021C0F88C10F3
S315080075A00698C06E012814D1FFE7FFE7FFE70698A3
S315080075B0006850E8000F20F010000290FFE70298DC
S315080075C00699096841E80002002AF0D1FFE7FFE7BB
S315080075D0FFE7FFE70698002101670698C06E0128B5
S315080075E021D1FFE706980021A0F85E1007980068E9
S315080075F04068ADF80600BDF806000699B1F85C10BB
S31508007600884206DAFFE7BDF806000699A1F85E008B
S31508007610FFE70698B0F85C10B0F85E20891A89B2C0
S31508007620FDF700FF03E00698FEF75EFEFFE708B0E9
S3150800763080BD000080B584B003900398806A0290EC
S315080076400298012101670298C06E012823D1FFE73D
S315080076500298B0F85C104908A0F85E100398006814
S315080076604068ADF80600BDF806000299B1F85C104E
S31508007670884206DCFFE7BDF806000299A1F85E001D
S31508007680FFE70298B0F85C10B0F85E20891A89B254
S31508007690FDF7C8FE03E00298FEF734FEFFE704B0E4
S315080076A080BD000080B584B003900398806A02907C
S315080076B0039800680068800600282BD4FFE7029824
S315080076C00021A0F85610FFE7FFE70298006850E887
S315080076D0020F20F080000190FFE7019802990968DF
S315080076E041E80202002AF0D1FFE7FFE7FFE7FFE7DC
S315080076F00298006850E8000F40F040000090FFE74D
S3150800770000980299096841E80002002AF0D1FFE7CB
S31508007710FFE703E00298FEF727FFFFE704B080BD06
S3150800772080B582B001900198806A00900098FEF7B3
S315080077301FFF02B080BD000084B00390FFE7FFE79B
S315080077400398006850E8000F20F490700290FFE755
S3150800775002980399096841E80002002AF0D1FFE778
S31508007760FFE7FFE7FFE70398006850E8020F4FF6C8
S31508007770FE71CEF6FF7108400190FFE70198039964
S31508007780096841E80202002AEDD1FFE7FFE70398FE
S31508007790C06E012814D1FFE7FFE7FFE703980068EA
S315080077A050E8000F20F010000090FFE700980399BA
S315080077B0096841E80002002AF0D1FFE7FFE7FFE782
S315080077C003982021C0F88C1003980021C1660398FD
S315080077D0416704B07047000080B582B00190FFE7AA
S315080077E0FFE70198006850E8000F20F0400000907D
S315080077F0FFE700980199096841E80002002AF0D1DC
S31508007800FFE7FFE701982021C0F8881001980021BA
S3150800781081670198FEF7A8FE02B080BD83B002908A
S31508007820FFE7FFE70298006850E8000F20F0C00065
S315080078300190FFE701980299096841E80002002AC9
S31508007840F0D1FFE7FFE7FFE7FFE70298006850E897
S31508007850020F20F400000090FFE7009802990968DB
S3150800786041E80202002AF0D1FFE7FFE7029820214B
S31508007870C0F8881003B0704710B588B0079000208C
S315080078808DF80F000798006848F20001C4F200015D
S31508007890884201D1FFE700E0FFE70798816802699F
S315080078A04369C0691143194308430690079800685D
S315080078B0006846F6F311CCF6FF71084006990843AE
S315080078C007990968086007980068406820F44050DE
S315080078D007990A68C968084350600798806906903E
S315080078E00798006848F20001C4F20001884206D0F1
S315080078F0FFE70798006A069908430690FFE7079886
S31508007900006880684FF2FF41C1F2FF1108400699EE
S31508007910084307990968886007980068C06A20F0D4
S315080079200F0007990A68496A0843D062FFE7079873
S31508007930006843F60001C4F20101884222D1FFE73C
S3150800794041F28800C4F20200006800F00300032830
S3150800795013D8DFE800F0020A060E01208DF815009C
S315080079600FE002208DF815000BE004208DF81500B5
S3150800797007E008208DF8150003E010208DF81500A3
S31508007980FFE7FEE00798006844F20041C4F20001F0
S31508007990884227D1FFE741F28800C4F20200006856
S315080079A000F00C000C2818D8DFE800F007171717A6
S315080079B00F1717170B171717130000208DF8150048
S315080079C00FE002208DF815000BE004208DF8150055
S315080079D007E008208DF8150003E010208DF8150043
S315080079E0FFE7CDE00798006844F60001C4F20001FD
S315080079F0884227D1FFE741F28800C4F202000068F6
S31508007A0000F0300048B1FFE710280ED0FFE7202825
S31508007A1007D0FFE730280CD00FE000208DF81500BE
S31508007A200FE002208DF815000BE004208DF81500F4
S31508007A3007E008208DF8150003E010208DF81500E2
S31508007A40FFE79CE00798006844F60041C4F200018D
S31508007A50884227D1FFE741F28800C4F20200006895
S31508007A6000F0C00048B1FFE740280ED0FFE78028A5
S31508007A7007D0FFE7C0280CD00FE000208DF81500CE
S31508007A800FE002208DF815000BE004208DF8150094
S31508007A9007E008208DF8150003E010208DF8150082
S31508007AA0FFE76BE00798006845F20001C4F20001A1
S31508007AB088422AD1FFE741F28800C4F20200006832
S31508007AC000F4407060B1FFE7B0F5807F10D0FFE7A3
S31508007AD0B0F5007F08D0FFE7B0F5407F0CD00FE087
S31508007AE000208DF815000FE002208DF815000BE038
S31508007AF004208DF8150007E008208DF8150003E02E
S31508007B0010208DF81500FFE737E00798006848F25F
S31508007B100001C4F2000188422AD1FFE741F2880039
S31508007B20C4F20200006800F4406060B1FFE7B0F5F7
S31508007B30806F10D0FFE7B0F5006F08D0FFE7B0F50B
S31508007B40406F0CD00FE000208DF815000FE00220E2
S31508007B508DF815000BE004208DF8150007E00820C5
S31508007B608DF8150003E010208DF81500FFE703E0F7
S31508007B7010208DF81500FFE7FFE7FFE7FFE7FFE7AF
S31508007B80FFE7FFE70798006848F20001C4F2000122
S31508007B90884240F07980FFE79DF81500082818D834
S31508007BA0DFE800F0051709170F1717171300FCF77A
S31508007BB05BFF019013E042F20040C0F2F40001902E
S31508007BC00DE0FCF779FF019009E04FF400400190C1
S31508007BD005E00020019001208DF80F00FFE70198CD
S31508007BE0002850D0FFE701980799496A4DF2C44228
S31508007BF0C0F6000232F81110B0FBF1F002900298BC
S31508007C000799496801EB4101884207D3FFE70298C3
S31508007C1007994968B0EB013F04D9FFE701208DF8C1
S31508007C200F002FE0019807994C68496A4DF2C44243
S31508007C30C0F6000232F8112000210023FAF731FBC2
S31508007C40090241EA1061000210EB540041F10001FB
S31508007C5022460023FAF725FB04900498B0F5407FE6
S31508007C600BD3FFE704980021B1EB105F05D1FFE7BE
S31508007C70049807990968C86003E001208DF80F0089
S31508007C80FFE7FFE7FFE7B3E00798C069B0F5004FE5
S31508007C905ED1FFE79DF8150008281CD8DFE800F03C
S31508007CA005090D1B131B1B1B1700FCF7DDFE0190B6
S31508007CB017E0FCF7EDFE019013E042F20040C0F237
S31508007CC0F40001900DE0FCF7F7FE019009E04FF48F
S31508007CD00040019005E00020019001208DF80F007A
S31508007CE0FFE7019898B3FFE7019807994A68496A38
S31508007CF04DF2C443C0F6000333F81110B0FBF1F09F
S31508007D00400000EB5200B0FBF2F0049004981028F3
S31508007D1018D3FFE7BDF81200A0B9FFE7049820F0D2
S31508007D200F00ADF81600049800F00E00BDF8161006
S31508007D3041EA5000ADF81600BDF816000799096823
S31508007D40C86003E001208DF80F00FFE7FFE74EE06B
S31508007D509DF8150008281CD8DFE800F005090D1B5A
S31508007D60131B1B1B1700FCF77FFE019017E0FCF79F
S31508007D708FFE019013E042F20040C0F2F400019039
S31508007D800DE0FCF799FE019009E04FF400400190E0
S31508007D9005E00020019001208DF80F00FFE701980B
S31508007DA020B3FFE7019807994A68496A4DF2C44328
S31508007DB0C0F6000333F81110B0FBF1F000EB5200E7
S31508007DC0B0FBF2F00490049810280AD3FFE7BDF838
S31508007DD0120030B9FFE7BDF8100007990968C860B6
S31508007DE003E001208DF80F00FFE7FFE7FFE7FFE755
S31508007DF007980121A0F86A100798A0F86810079854
S31508007E0000214167079881679DF80F0008B010BDEB
S31508007E1080B588B006900591ADF8122005980699A8
S31508007E208865BDF812000699A1F85C00069800213D
S31508007E30C0F8901006982221C0F88C100698D0F841
S31508007E408000B0B3FFE70698D0F8800047F20551E6
S31508007E50C0F60001C1620698D0F8800047F2356185
S31508007E60C0F6000101630698D0F8800047F29541F4
S31508007E70C0F6000141630698D0F8800000218163AE
S31508007E8006980168826DD0F880002431BDF812305A
S31508007E90FAF766FE60B1FFE706981021C0F8901061
S31508007EA006982021C0F88C1001208DF81F0042E0AA
S31508007EB0FFE706980069A0B1FFE7FFE7FFE7069826
S31508007EC0006850E8000F40F480700390FFE70398BD
S31508007ED00699096841E80002002AF0D1FFE7FFE7A2
S31508007EE0FFE7FFE7FFE70698006850E8020F40F053
S31508007EF001000290FFE702980699096841E8020224
S31508007F00002AF0D1FFE7FFE7FFE7FFE706980068DA
S31508007F1050E8020F40F040000190FFE701980699EB
S31508007F20096841E80202002AF0D1FFE7FFE70020CE
S31508007F308DF81F00FFE79DF81F0008B080BD000000
S31508007F4010B586B00490039100208DF80B000192BD
S31508007F500093FFE704980068C06903990840401A2F
S31508007F60B0FA80F040099DF80B10884264D1FFE70B
S31508007F700098013000285ED0FFE7FBF7BFFF0199A4
S31508007F80401A0099884203D8FFE7009820B9FFE70E
S31508007F9003208DF8170053E004980068006840072E
S31508007FA0002847D5FFE70398802843D0FFE70398C2
S31508007FB040283FD0FFE704980068C06900F0080031
S31508007FC00121B1EBD00F14D1FFE70498006808240B
S31508007FD004620498FFF7B0FB0498C0F89040FFE7E6
S31508007FE00498002180F88410FFE701208DF8170017
S31508007FF026E004980068C06900F400600121B1EB2E
S31508008000D02F16D1FFE7049800684FF4006101628B
S315080080100498FFF791FB04982021C0F89010FFE719
S315080080200498002180F88410FFE703208DF81700D4
S3150800803006E0FFE7FFE78DE700208DF81700FFE76A
S315080080409DF8170006B010BD80B540F29060C2F2E8
S3150800805000000068C069C006002812D5FFE740F294
S315080080609060C2F20000C06E01280AD0FFE740F215
S315080080709060C2F20000016810220A6202F074FAE7
S31508008080FFE740F29060C2F20000FDF7A1FB80BD59
S31508008090FFE7FEE781B000EE100A00900098C0F3F3
S315080080A0C750FF3818BF012001B0704781B08DF85E
S315080080B003009DF9030000280FD4FFE79DF903008C
S315080080C000F01F01012202FA01F140094EF20012E6
S315080080D0CEF2000242F82010FFE701B07047000018
S315080080E04EF60C50CEF200000068C0F3022070472E
S315080080F082B08DF8070000919DF9070000280AD480
S31508008100FFE7009800019DF907104EF20042CEF2F3
S31508008110000288540BE0009800019DF8071001F052
S315080081200F014EF61452CEF200028854FFE702B051
S315080081307047000083B00290029800F00700009094
S315080081404EF60C50CEF200000168019101994FF6E7
S31508008150FF02114001910199009A41EA0221002289
S31508008160C0F2FA52114301910199016003B07047B8
S3150800817080B582B048F20001C4F2000101918DF881
S315080081800300FFE70198FEF7F9F908B9FFE7F9E7F1
S3150800819001989DF80310FEF7F9F902B080BD0000BA
S315080081A080B582B00190FAF759FDFFE7FEE70000B7
S315080081B080B584B08DF80F0002916420ADF80600F2
S315080081C09DF80F00012805DBFFE79DF80F0004283E
S315080081D001DBFFE718E0BDF8060020B9FFE77820C5
S315080081E0ADF80600FFE79DF80F00C0EBC00040F2AF
S315080081F08411C2F2000101EB80001C38BDF806109C
S31508008200029A00F08BFAFFE704B080BD10B582B081
S3150800821000200190FFE70198022819DCFFE7019981
S31508008220C1EBC10040F28414C2F2000404EB8000E2
S315080082300131C9B200F026FA0198C0EBC00004EB80
S31508008240800000F0F5F9FFE7019801300190E2E7B8
S3150800825002B010BD80B582B00190FFF7D7FFFFE7E7
S3150800826000F02EFB8DF803009DF803000138032863
S3150800827041D8DFE800F00216242A03204FF4C8612B
S31508008280FFF796FF0A2002F0BBFD02200021FFF748
S315080082908FFF0A2002F0B4FD01200021FFF788FFB6
S315080082A02AE001204FF44871FFF782FF0A2002F006
S315080082B0A7FD02204FF44871FFF77AFF1CE0032060
S315080082C04FF44871FFF774FF16E001204FF4487128
S315080082D0FFF76EFF0A2002F093FD02204FF4487163
S315080082E0FFF766FF0A2002F08BFD03204FF4487162
S315080082F0FFF75EFF00E0FFE70A2002F081FDAFE727
S3150800830080B540F29060C2F2000002F001FA40F235
S31508008310B870C2F2000002F0FBF900F001F880BD67
S3150800832010B584B000208DF80E000421029101904A
S315080083309DF80E00032804DBFFE701208DF80F00E7
S31508008340ADE09DF80E0040F25821C2F2000151F846
S31508008350200020B1FFE702208DF80F009FE01020D3
S31508008360F8F718F89DF80E1040F25822C2F20002EB
S3150800837042F821009DF80E0052F8200020B9FFE7C8
S3150800838003208DF80F008AE002980421F7F7EEFF24
S315080083909DF80E1040F25822C2F2000252F821103F
S315080083A008609DF80E0052F82000006898B9FFE7AB
S315080083B09DF80E0040F25824C2F2000454F820003A
S315080083C0F8F717F89DF80E00002144F8201003204E
S315080083D08DF80F0063E002989DF80E1040F25824BD
S315080083E0C2F2000454F82110486001980421F7F7F6
S315080083F0BDFF9DF80E1054F8211088609DF80E00F8
S3150800840054F820008068D0B9FFE79DF80E0040F2C6
S315080084105824C2F2000454F820000068F7F7E9FF70
S315080084209DF80E0054F82000F7F7E3FF9DF80E00BC
S31508008430002144F8201003208DF80F002FE0019842
S315080084409DF80E1040F25822C2F2000252F821108E
S31508008450C86040F25020C2F200000068D8B9FFE7B1
S31508008460082002F0EBFF40F25021C2F2000108603A
S3150800847040F25420C2F20000009048F2A540C0F62F
S3150800848000004DF26761C0F600014FF480720223C6
S3150800849003F0D2FAFFE700208DF80F00FFE704B0DB
S315080084A010BD000080B588B00790002006900590A2
S315080084B00490FFE740F25020C2F20000006801A9CC
S315080084C04FF0FF3203F05CF90198006846F200416C
S315080084D0C4F2000188420ED0FFE746F60001C4F256
S315080084E0000188420BD0FFE746F60041C4F20001BE
S315080084F0884208D00BE000208DF80F0009E0012023
S315080085008DF80F0005E002208DF80F0001E0FFE767
S31508008510D0E701980299FAF751FD08B1FFE7F7E7A6
S3150800852040F22820C2F20000406850B9FFE79DF8E3
S315080085300F0040F25821C2F2000151F820000590C0
S315080085400AE09DF80F0040F25821C2F2000151F8E6
S31508008550200008300590FFE740F22820C2F200000C
S31508008560006806900598069902684068B1FBF0F322
S3150800857003FB101052F820000490FFE7049900202E
S3150800858049B1FFE704980699426880680840101ABE
S3150800859018BF0120FFE7C00720B1FFE7049800696C
S315080085A00490EBE7049820B1FFE70498C06808B97F
S315080085B0FFE7ADE740F22820C2F20000426840F229
S315080085C0D811C2F200014A6082688A60C0680873DE
S315080085D006980860049A1068D36840F2E812C2F256
S315080085E00002984794E7000080B582B0AA20ADF84B
S315080085F00600FCF7B5FEBDF80600009000984FF49B
S315080086007A71484300904EF21000CEF200000168DD
S3150800861041F00201016000994EF21402CEF2000206
S315080086201160016841F00101016002B080BD0000DF
S3150800863080B584B0039001208DF80B0000208DF8DA
S315080086400A00039800798DF80400F3208DF80500D8
S31508008650AB208DF806009DF80B0000F001008DF8A0
S3150800866007009DF80A0000F001008DF808006B204D
S315080086708DF80900039801A9062201F015FE04B039
S3150800868080BD000086B0049040F2B870C2F20000C7
S3150800869003908DF80B1040F60040C4F600000190D8
S315080086A04FF48040ADF80200049830B1FFE7039814
S315080086B018B1FFE7019820B9FFE701208DF81700E8
S315080086C029E09DF80B000A2804DBFFE702208DF855
S315080086D0170020E00398049908609DF80B00049998
S315080086E00871019804998860BDF802000499888188
S315080086F004980021016104984161049881610498F5
S315080087009DF80B2040F26823C2F2000343F82200CA
S315080087108DF81710FFE706B07047000080B588B0DF
S31508008720079000208DF81B00ADF8181005218DF86C
S315080087301710049201218DF80F108DF80E00079876
S3150800874000798DF80100FD208DF802009DF81B00C8
S315080087508DF803009DF819008DF804009DF818009F
S315080087608DF805009DF817008DF806009DF8130092
S315080087708DF80700BDF812008DF808000498000A65
S315080087808DF8090004988DF80A009DF80F008DF8F9
S315080087900B009DF80E0000F001008DF80C006B2010
S315080087A08DF80D0007980DF101010D2201F07CFDF1
S315080087B008B080BD80B586B040F62431C2F200010B
S315080087C005918DF813004FF49670ADF8100000204F
S315080087D08DF80F008DF80E00059800798DF80600C3
S315080087E0F6208DF807009DF813008DF808009DF80F
S315080087F011008DF809009DF810008DF80A009DF803
S315080088000F008DF80B009DF80E0000F001008DF8A2
S315080088100C006B208DF80D0005980DF10601082255
S3150800882001F042FD06B080BD80B582B0019000918E
S31508008830009840F23011C2F20001884205D1FFE7E4
S315080088409DF80400FFF794FC0DE0009840F2DC0167
S31508008850C2F20001884205D1FFE79DF80400FFF740
S3150800886087FCFFE7FFE7019802B080BD80B582B0BC
S3150800887040F61430C2F2000000904AF20930C0F601
S3150800888000004DF24661C0F600014FF480720223E3
S3150800889003F0D2F802F012FC02B080BD81B000905D
S315080088A00099002039B1FFE70098411E0840B0FA48
S315080088B080F04009FFE700F0010001B070470000B2
S315080088C080B582B000208DF806009DF806000128C4
S315080088D007D1FFE740F64C00C2F200000021017004
S315080088E0FFE740F64C00C2F200000078002864D189
S315080088F0FFE740F60000C4F600001021FBF7B8FABF
S31508008900D8B1FFE740F60000C4F600002021FBF7C7
S31508008910AFFA90B1FFE740F60000C4F600004FF446
S315080089200051FBF7A5FA40B1FFE74FF0904001214F
S31508008930FBF79EFA012840D1FFE7FAF7B5F940F6AA
S315080089404C00C2F200000121017040F60000C4F696
S3150800895000001021FBF78CFA20B9FFE701208DF8FB
S3150800896007005CE040F60000C4F600002021FBF793
S315080089707FFA20B9FFE702208DF807004FE040F69E
S315080089800000C4F600004FF40051FBF771FA20B955
S31508008990FFE703208DF8070041E04FF090400121E2
S315080089A0FBF766FA012804D1FFE704208DF80700D3
S315080089B035E0FFE7FFE7FFE72DE040F60000C4F6E5
S315080089C000001021FBF754FA012823D1FFE740F6EF
S315080089D00000C4F600002021FBF74AFA012819D145
S315080089E0FFE740F60000C4F600004FF40051FBF71D
S315080089F03FFA01280ED1FFE74FF090400121FBF71F
S31508008A0037FA38B9FFE740F64C00C2F200000021F9
S31508008A100170FFE7FFE700208DF80700FFE79DF8E4
S31508008A20070002B080BD000080B5FBF775FAFEF7B7
S31508008A3037FBFFF7D9FDFEF727F8FDF7D5FDFEF75B
S31508008A40A9F9FDF71DFEFDF7C7FEFDF771FFFEF755
S31508008A501FF9FEF75DF9FEF7DFF9FFF751FCFFF79F
S31508008A6005FF002080BD000080B586B00490039104
S31508008A700498029000200190FFE70198052835D850
S31508008A80FFE70298694604F057F90398019900EB45
S31508008A90810080ED000A00980299884209D0FFE714
S31508008AA0FFE70398019950F82100FFF7F3FA20B978
S31508008AB0FFE700208DF8170020E000980290019843
S31508008AC0013005280DD8FFE7029800782C2804D035
S31508008AD0FFE700208DF8170010E002980130029099
S31508008AE0FFE7FFE7019801300190C6E70298007892
S31508008AF0B0FA80F040098DF81700FFE79DF81700D7
S31508008B0006B080BD81B000900098013800900098AA
S31508008B1040EA50000090009840EA900000900098C3
S31508008B2040EA10100090009840EA10200090009843
S31508008B3040EA104000900098013001B070470000EC
S31508008B4080B588B00790069145F65C40C2F20000F1
S31508008B500068049040F67800C2F2000000680390AE
S31508008B6040F68000C2F200000068029040F67000ED
S31508008B70C2F200000168002281F85920006804301A
S31508008B8001F0E4FE90B9FFE740F67000C2F200007B
S31508008B900068C06A012101FA00F045F66031C2F2A8
S31508008BA000010A6822EA0000086000E0FFE707986B
S31508008BB0013028BBFFE7069810B3FFE7FFE745F645
S31508008BC03440C2F2000041680191019940F67002F2
S31508008BD0C2F2000213689960019989681368D9601E
S31508008BE011680431019B9B68596011680431019B27
S31508008BF0996011684861016801310160FFE735E055
S31508008C000498079908440590059840F67001C2F241
S31508008C100001096848600598049988420AD2FFE766
S31508008C20029840F67001C2F200010968043101F0A9
S31508008C30E9FE1AE0039840F67001C2F200010968DD
S31508008C40043101F0DFFE059845F6C031C2F2000195
S31508008C500968884207D2FFE7059845F6C031C2F28F
S31508008C600001086000E0FFE7FFE7FFE708B080BD06
S31508008C7080B582B0019001F027FF45F65030C2F268
S31508008C80000001680131016040F67000C2F2000080
S31508008C90006898B9FFE7019840F67001C2F2000132
S31508008CA0086045F65030C2F200000068012803D17A
S31508008CB0FFE700F065FB00E0FFE71CE045F628400B
S31508008CC0C2F200000068A0B9FFE740F67000C2F2E1
S31508008CD000000068C06A0199C96A884207D8FFE798
S31508008CE0019840F67001C2F20001086000E0FFE753
S31508008CF000E0FFE7FFE745F65C30C2F200000168D6
S31508008D0001310160006801994864FFE70198C06A6B
S31508008D10012101FA00F045F66031C2F200010A6845
S31508008D2010430860FFE70198C06A00EB800140F62F
S31508008D308800C2F2000000EB8101496800910099A1
S31508008D40019A916000998968019AD1600199043164
S31508008D50009A9268516001990431009A91600199CC
S31508008D60CA6A02EB820200EB82024A610199C96A69
S31508008D7001EB810150F82120013240F82120FFE75C
S31508008D80FFE701F0CBFE45F62840C2F20000006876
S31508008D90D8B1FFE7FFE740F67000C2F200000068AE
S31508008DA0C06A0199C96A88420CD2FFE74EF6045098
S31508008DB0CEF200004FF080510160BFF34F8FBFF332
S31508008DC06F8F00E0FFE7FFE700E0FFE702B080BD36
S31508008DD0B0B501F079FE45F66040C2F200000068C1
S31508008DE068BBFFE745F66434C2F20004204601F08A
S31508008DF0E9FD45F67835C2F20005284601F0E2FDA0
S31508008E0040F67400C2F20000046040F68400C2F224
S31508008E1000000560102002F011FB45F66041C2F221
S31508008E2000010860086840B1FFE745F66040C2F2F5
S31508008E300000006801F052FF00E0FFE700E0FFE7EE
S31508008E4001F06CFEB0BD000080B582B0FFE745F6C4
S31508008E505430C2F20000006808B3FFE701F034FEA0
S31508008E6045F64840C2F20000C068C0680190019803
S31508008E70043001F06BFD45F65030C2F2000001687F
S31508008E800139016045F65430C2F200000168013923
S31508008E90016001F043FE019800F01AF9D7E702B025
S31508008EA080BD000080B582B0019000910198006CE9
S31508008EB0B8B1FFE70198C168026C1144C160019816
S31508008EC08168C068884204D3FFE701980168C160D9
S31508008ED000E0FFE70098019AD168126CF9F759FA91
S31508008EE0FFE702B080BD000080B586B0059004910A
S31508008EF00392002002900598806B01900598006CFB
S31508008F0078B9FFE70598006848B9FFE705988068CB
S31508008F1002F01CFF029005980021816000E0FFE73F
S31508008F2041E00398B8B9FFE7059A04995068126CAE
S31508008F30F9F72FFA05984168026C114441600598C3
S31508008F4041688068814204D3FFE70598016841605B
S31508008F5000E0FFE726E0059A0499D068126CF9F755
S31508008F6018FA0598C168026C891AC16005980168E3
S31508008F70C068884206D2FFE705988168026C891A9C
S31508008F80C16000E0FFE70398022809D1FFE70198CE
S31508008F9020B1FFE701980138019000E0FFE700E003
S31508008FA0FFE7FFE7FFE70198013005998863029814
S31508008FB006B080BD80B58AB00120099000200390D4
S31508008FC00290FFE702980F2813DCFFE702984DF29C
S31508008FD05851C0F60001095C04AA11540298105CA5
S31508008FE008B9FFE706E0FFE7FFE7029801300290BD
S31508008FF0E8E7FFE700200890FFE7089800281EDC4E
S31508009000FFE749F2D910C0F60000039003980899C3
S3150800901045F6B832C2F2000202EB8101009104A9BA
S315080090208022002302F008FD0990099808B9FFE795
S3150800903006E0FFE7FFE7089801300890DDE7FFE75D
S3150800904009980AB080BD000010B58AB0DDF834C0B2
S31508009050DDF830C009900891ADF81E200693BDF8DA
S315080090601E00800000F06AFD04900498A0B1FFE796
S315080090705C2000F063FD0590059840B1FFE7059870
S315080090805C21F7F76FFD04980599086303E00498D7
S3150800909001F068FDFFE702E000200590FFE705986C
S315080090A090B1FFE709980899BDF81E20069BDDF8E0
S315080090B030C0DDF834E0059C0294CDF804E0CDF824
S315080090C000C000F0CBF8FFE705980AB010BD000015
S315080090D080B582B001900198006B01F043FD0198BC
S315080090E001F040FD02B080BD82B0019040F67400E8
S315080090F0C2F2000000680068B0FA80F040090199E1
S3150800910008600198006848B9FFE740F67400C2F2A3
S3150800911000000068C0680068009002E00020009027
S31508009120FFE7009802B0704784B04FF4A040009063
S3150800913040F64430C2F2000001909DF80400400752
S3150800914088B1FFE7019807300190019820F00700E1
S315080091500190019840F64431C2F20001009A081ABB
S3150800916010440090FFE701980290029845F62C41BA
S31508009170C2F200010860002048600299009A114472
S315080091800191019908390191019921F0070101918D
S31508009190019940F67C02C2F200021160116848602B
S315080091A0116808600298039001980399401A48606C
S315080091B01068039908600398406845F6BC31C2F206
S315080091C0000108600398406845F6B431C2F2000110
S315080091D0086004B07047000080B582B00190FFE7D0
S315080091E0FFF732FE40F68800C2F200000068022847
S315080091F00CD3FFE74EF60450CEF200004FF0805134
S315080092000160BFF34F8FBFF36F8F00E0FFE7E7E71B
S3150800921080B584B0DDF818C00390029101928DF8EC
S315080092200330029818B9FFE70698006003E0019832
S3150800923006990860FFE703980699C8630298069995
S315080092400864069802F046F99DF80300069981F825
S31508009250500006980021816404B080BD80B588B0AE
S31508009260DDF830C0DDF82CC0DDF828C0079006917F
S31508009270ADF816200493002003900C98006BBDF8F7
S3150800928016108900A522F9F7C9F80C98006BBDF8E5
S31508009290161000EB810004380290029820F00700AF
S315080092A002909DF80800400748B1FFE74DF2BC5010
S315080092B0C0F6000040F22E7101F072FBFFE7069837
S315080092C000B3FFE700200190FFE701980F2813D8A5
S315080092D0FFE706980199405C0C9A114481F834001E
S315080092E006980199405C08B9FFE706E0FFE7FFE743
S315080092F0019801300190E8E7FFE70C98002180F813
S31508009300431000E0FFE70A98202809D3FFE74DF24B
S31508009310BC50C0F6000040F2647101F041FBFFE763
S315080093200A98202803D3FFE71F200A9000E0FFE7EA
S315080093300A980C99C8620A980C99C8640C98043063
S3150800934001F058FB0C98183001F054FB0C9800619A
S315080093500A98C0F120000C9988610C98406202981E
S315080093600799049A00F0C6FC0C9908600B9820B17E
S31508009370FFE70C980B99086000E0FFE708B080BD8E
S31508009380B0B582B000200190FFE701981F2810D8D9
S31508009390FFE7019800EB800040F68801C2F2000161
S315080093A001EB800001F00EFBFFE701980130019008
S315080093B0EBE745F68C34C2F20004204601F002FBC6
S315080093C045F6A035C2F20005284601F0FBFA45F637
S315080093D0D430C2F2000001F0F5FA45F64840C2F270
S315080093E0000001F0EFFA45F63440C2F2000001F041
S315080093F0E9FA40F67800C2F20000046040F6800000
S31508009400C2F20000056002B0B0BD000083B0029051
S3150800941045F62C40C2F200000190FFE7019800686B
S315080094200299884205D2FFE7FFE701980068019094
S31508009430F4E7019800900098019949680844029950
S31508009440884209D1FFE70298406801994A681044A2
S3150800945048600198029000E0FFE7029800900098A3
S3150800946002994968084401990968884220D1FFE7AA
S315080094700198006840F67C01C2F20001096888423A
S315080094800DD0FFE701980068406802994A681044C1
S3150800949048600198006800680299086007E040F68D
S315080094A07C00C2F20000006802990860FFE704E049
S315080094B00198006802990860FFE7019802998842B6
S315080094C004D0FFE702980199086000E0FFE703B0BF
S315080094D07047000080B586B0059004910392029308
S315080094E00020019004980599486005980061049841
S315080094F00399884216D8FFE703980299401A0599F6
S315080095008969884203D3FFE70120019009E040F604
S315080095108400C2F2000000680599043101F072FA6D
S31508009520FFE717E003980299884208D2FFE70498F4
S315080095300299884203D3FFE70120019009E040F62B
S315080095407400C2F2000000680599043101F05AFA65
S31508009550FFE7FFE7019806B080BD000080B582B03E
S31508009560019001F0B1FA0198806B18B9FFE7012064
S31508009570009002E000200090FFE701F0CFFA009883
S3150800958002B080BD80B586B005900598806C0490C1
S3150800959000200390049848B9FFE74DF29850C0F6AA
S315080095A0000040F6F84101F0FBF9FFE70498806BEC
S315080095B00499C96B884209D3FFE74DF29850C0F663
S315080095C0000040F6F94101F0EBF9FFE70498806BDB
S315080095D00499C96B884243D2FFE7049890F845007E
S315080095E08DF80B00049805A90022FFF77DFC03906F
S315080095F09DF90B00013088B9FFE70498406A58B115
S31508009600FFE70498243002F03FFC18B1FFE7012079
S31508009610039000E0FFE700E0FFE720E0FFE701F046
S31508009620B9F901909DF90B000199884215D2FFE717
S315080096309DF90B007F2809D1FFE74DF29850C0F637
S31508009640000040F6195101F0ABF9FFE79DF80B0051
S315080096500130049981F84500FFE7FFE7FFE700E0DE
S31508009660FFE7039806B080BD08480068006880F3E5
S3150800967008884FF0000080F3148862B661B6BFF31D
S315080096804F8FBFF36F8F00DF00BF000008ED00E0CB
S3150800969080B584B00390029140F67400C2F20000CF
S315080096A00068C068C06801900198043001F04EF95E
S315080096B0019890F828004007002806D5FFE701988A
S315080096C00399029A00F01AF907E0019890F8281011
S315080096D001F0FE0180F82810FFE70198016A884723
S315080096E004B080BD80B588B000200790069005902C
S315080096F00490FFE745F66040C2F20000006804A93E
S31508009700002202F03DF8002800F0A880FFE7049840
S31508009710B0F1FF3F15DCFFE704A80430009000987D
S3150800972048B9FFE74DF2E050C0F6000040F2BD31FF
S3150800973001F036F9FFE700990A6848688968904792
S3150800974000E0FFE70498002800F18780FFE7069805
S3150800975003900398406928B1FFE70398043001F0A5
S31508009760F5F800E0FFE702A800F000F90190049878
S315080097700138082800F26F80DFE800F00505323A64
S31508009780590505323A00039890F8281041F001016E
S3150800979080F828100398059B81691944019AFFF7F8
S315080097A099FED8B1FFE7039890F8280040070028EB
S315080097B008D5FFE70398059982691144019A00F0D4
S315080097C09DF807E0039890F8281001F0FE0180F84C
S315080097D02810FFE70398016A884700E0FFE73BE0A7
S315080097E0039890F8281001F0FE0180F8281033E05D
S315080097F0039890F8281041F0010180F82810059880
S31508009800039988610398806948B9FFE74DF2E050EB
S31508009810C0F600004FF4826101F0C2F8FFE7039832
S31508009820019A816911441346FFF754FE14E0039820
S3150800983090F828008007002804D4FFE7039801F071
S3150800984091F907E0039890F8281001F0FE0180F8D6
S315080098502810FFE700E0FFE7FFE74BE708B080BD09
S3150800986080B584B00390029101F06EFC684600F062
S315080098707DF801900098D8BBFFE7029860B9FFE72A
S3150800988003980199884207D8FFE702F0CDFB0398B1
S315080098900199FFF7FDFE2AE0029858B1FFE740F666
S315080098A08400C2F2000000680068B0FA80F040093F
S315080098B00290FFE745F66040C2F20000006803998F
S315080098C0019A891A029A01F069FA02F0ADFB60B9A9
S315080098D0FFE74EF60450CEF200004FF080510160CB
S315080098E0BFF34F8FBFF36F8F00E0FFE7FFE702E09C
S315080098F002F09AFBFFE704B080BD000080B584B093
S31508009900039002910192FFE70398029B816919442B
S31508009910019AFFF7DFFD48B1FFE7039880690299CE
S31508009920084402900398016A8847EDE704B080BDB1
S3150800993040F67800C2F200000068006840B9FFE708
S3150800994045F6C030C2F200004FF0FF3101600CE06E
S3150800995040F67800C2F200000068C068006845F664
S31508009960C031C2F200010860FFE7704780B582B0D7
S31508009970019002F0A9F80090009840F66C01C2F236
S3150800998000010968884206D2FFE700F011F801983D
S315080099900121016003E0019800210160FFE70098BA
S315080099A040F66C01C2F200010860009802B080BD62
S315080099B080B582B0FFE740F67400C2F20000006886
S315080099C0006870B1FFE740F67400C2F20000006854
S315080099D0C0680068019001984FF0FF31FFF758FE04
S315080099E0E9E740F67400C2F200000168009140F60B
S315080099F08401C2F200010A6802600098086002B099
S31508009A0080BD000080B582B00020009040F274004E
S31508009A10C2F200000068013040B1FFE74DF2056070
S31508009A20C0F60000F42100F0BBFFFFE74FF050003E
S31508009A3080F31188BFF36F8FBFF34F8F0190FFE755
S31508009A40009808B9FFE7FBE702B080BD80B584B08F
S31508009A500390FFE701A8FFF747FB029002980199D8
S31508009A60FFF7FEFEFFF73EFEF4E7000080B582B082
S31508009A70019001F029F8019890F845008DF8030047
S31508009A80FFE79DF90300012825DBFFE70198806CB5
S31508009A9050B1FFE70198FFF775FD18B1FFE701F030
S31508009AA0A7FA00E0FFE710E00198406A58B1FFE71F
S31508009AB00198243002F0E8F918B1FFE701F098FAA6
S31508009AC000E0FFE700E007E0FFE79DF80300013844
S31508009AD08DF80300D5E7FFE70198FF2180F84510C8
S31508009AE001F01CF800F0F0FF019890F844008DF89A
S31508009AF00200FFE79DF90200012816DBFFE701983F
S31508009B00006980B1FFE70198103002F0BDF918B17D
S31508009B10FFE701F06DFA00E0FFE79DF80200013863
S31508009B208DF8020000E001E0E4E7FFE70198FF2175
S31508009B3080F8441000F0F2FF02B080BD80B586B010
S31508009B4005900020019001F0FFFA40F67C00C2F271
S31508009B500000006818B9FFE7FFF7E6FA00E0FFE73C
S31508009B600598A8B1FFE7059800F00700C0F11000B6
S31508009B70009005980099C943884205D8FFE70098E0
S31508009B8005990844059002E000200590FFE700E0EB
S31508009B90FFE79DF817000006002800F19780FFE709
S31508009BA00598002800F09080FFE7059845F6B4313F
S31508009BB0C2F200010968884200F28680FFE745F68E
S31508009BC02C40C2F20000039000680490FFE7049856
S31508009BD04168059A0020914206D2FFE7049800687A
S31508009BE0002818BF0120FFE7C00730B1FFE7049837
S31508009BF00390049800680490E9E7049840F67C010D
S31508009C00C2F20001096888425CD0FFE70398006841
S31508009C100830019004980068039908600498406821
S31508009C200599401A11281ED3FFE704980599084498
S31508009C3002909DF80800400740B1FFE74DF26250D8
S31508009C40C0F60000DC2100F0ABFEFFE70498406890
S31508009C500599401A0299486005980499486002983F
S31508009C60FFF7D4FB00E0FFE70498406845F6B431F7
S31508009C70C2F200010A68101A0860086845F6BC3185
S31508009C80C2F20001096888420BD2FFE745F6B430F4
S31508009C90C2F20000006845F6BC31C2F20001086055
S31508009CA000E0FFE70498416841F0004141600498EC
S31508009CB00021016045F6C830C2F200000168013192
S31508009CC0016000E0FFE700E0FFE700E0FFE702F0E1
S31508009CD0ABF99DF80400400748B1FFE74DF2625022
S31508009CE0C0F600004FF48E7100F05AFEFFE70198A7
S31508009CF006B080BD83B002900191009202980438A4
S31508009D00029002984FF08071016002980438029020
S31508009D10019820F001000299086002980438029020
S31508009D20029849F60521C0F6000101600298143828
S31508009D3002900098029908600298043802900298E6
S31508009D406FF002010160029820380290029803B071
S31508009D5070470000B0B584B00290029820B9FFE7BA
S31508009D6000208DF80F0028E000F0AEFE029840F6BD
S31508009D705001C2F20001D1F800C0D1F804E08A68A7
S31508009D80CB680C694D6945610461C3608260C0F89F
S31508009D9004E0C0F800C08969816140F26420C2F21B
S31508009DA0000000788DF8070000F0B8FE9DF807005F
S31508009DB000F001008DF80F00FFE79DF80F0004B0D2
S31508009DC0B0BD000080B584B040F29060C2F20000D9
S31508009DD00290029860B1FFE70298D0F8800038B187
S31508009DE0FFE740F64030C2F20000006820B1FFE706
S31508009DF000208DF80F002CE0029840F60831C2F2D8
S31508009E000001086040F64030C2F20000009049F6B2
S31508009E105D60C0F600004DF25161C0F600014FF4D6
S31508009E208072022301F008FE01280ED0FFE740F6F3
S31508009E300830C2F200000021016040F64030C2F24C
S31508009E40000001608DF80F1003E001208DF80F0067
S31508009E50FFE79DF80F0004B080BD000080B5B4B0E0
S31508009E60339000200A908DF82700FFE740F6083067
S31508009E70C2F20000006823A900F0AAFB089008981F
S31508009E8028B9FFE7022000F0BBFFFFE7EEE7002056
S31508009E900790FFE707980899884248D2FFE707988E
S31508009EA023A9085C8DF81B009DF81B000D2801D11D
S31508009EB0FFE738E09DF81B000A281BD1FFE70A9840
S31508009EC00BA900220A549DF82700C00768B9FFE7C6
S31508009ED00A9850B1FFE70BA86946FEF7C5FD20B101
S31508009EE0FFE7684600F0B8F9FFE700200A908DF80A
S31508009EF0270018E09DF82700C00708B1FFE712E021
S31508009F000A985E2808D8FFE79DF81B000A994A1C9C
S31508009F100A920BAA505405E000200A9001208DF8F9
S31508009F202700FFE7FFE7079801300790B2E7ADE79C
S31508009F3080B586B00490039101208DF80B00049833
S31508009F4040B1FFE70398FEF7A9FC18B9FFE7002020
S31508009F50059046E01C20F6F71DFA0190019818B9FD
S31508009F60FFE7002005903CE00398B0F1FF3F04DCD2
S31508009F70FFE76FF000400390FFE70398FEF7C2FD86
S31508009F800390049898B9FFE70398F6F703FA01993E
S31508009F9008610198006930B9FFE70198F6F729FAD0
S31508009FA0002005901DE001980121416106E0049812
S31508009FB001990861019800214161FFE70198002194
S31508009FC041600198016003980199886003980138F7
S31508009FD00199C8609DF80B000199087601980590CB
S31508009FE0FFE7059806B080BD80B58AB0089007914E
S31508009FF006920898406808990968401A04900898D3
S3150800A000007EA8BBFFE70420019000200090089876
S3150800A01081680068089AD2681040081A019988422F
S3150800A0200DD2FFE7089881680068089AD268104040
S3150800A030081A00900098019908440190FFE70498CF
S3150800A04018B9FFE70020099058E0089801690068E8
S3150800A050009A1044089AD268104008580590069845
S3150800A0600599884203D2FFE70020099046E012E0EE
S3150800A0700020019006980499884202D9FFE70498BF
S3150800A08001E00698FFE70590059818B9FFE7002054
S3150800A090099033E0FFE70898006801990844089991
S3150800A0A0C96808400390059808998968039A891A27
S3150800A0B0884205D9FFE7089880680399401A01E0A5
S3150800A0C00598FFE70290079808990969039A1144C9
S3150800A0D0029AF8F75EF90798029A104408990969EE
S3150800A0E0059B9A1AF8F755F90598019908440899AD
S3150800A0F00A681044086005980990FFE709980AB0AD
S3150800A10080BD000080B58AB008900791069208982D
S3150800A11081684068089A1268101A084404900898DA
S3150800A120007EC8BBFFE70420019000200090089835
S3150800A13081684068089AD2681040081A01998842CE
S3150800A1400DD2FFE7089881684068089AD2681040DF
S3150800A150081A00900098019908440190FFE70698AC
S3150800A160019908440499884203D9FFE70020099019
S3150800A17058E006980590059818B9FFE70020099059
S3150800A18050E0059808990A694968009B1944089B94
S3150800A190DB681940505012E0002001900698049997
S3150800A1A0884202D9FFE7049801E00698FFE7059080
S3150800A1B0059818B9FFE70020099033E0FFE70898EB
S3150800A1C04068019908440899C968084003900598A9
S3150800A1D008998968039A891A884205D9FFE7089871
S3150800A1E080680399401A01E00598FFE702900898ED
S3150800A1F00069039908440799029AF8F7CAF8089873
S3150800A20000690799029A1144059B9A1AF8F7C1F84A
S3150800A21005980199084408994A68104448600598C1
S3150800A2200990FFE70AB080BD80B582B00190019918
S3150800A230886889890022F9F74BFE02B080BD0000C4
S3150800A24080B582B001900199886889890122F9F759
S3150800A2503FFE02B080BD000080B582B0019000F0DC
S3150800A26033FC0198006840F65001C2F2000108600C
S3150800A2700198406848600198806888600198C068BD
S3150800A280C860019800690861019840694861886951
S3150800A2900130886140F26420C2F200000121017099
S3150800A2A000F03CFC02B080BD80B584B003900291FA
S3150800A2B0ADF806200398FFF7C3FF039800680299D4
S3150800A2C0BDF80620FCF72CF80398FFF7ADFF04B09D
S3150800A2D080BD000070B582B04DF24250C0F6000055
S3150800A2E0019040F60836C2F200063468019D2846F9
S3150800A2F0F6F7B0F802462046294600F0C5F9306858
S3150800A30000F08AF902B070BD10B582B0019040F62F
S3150800A3101830C2F2000000904AF2B930C0F60000C8
S3150800A3204DF24651C0F600018022022301F084FB5B
S3150800A330012803D0FFE7F8F74FF9FFE740F620308A
S3150800A340C2F2000000904AF2F530C0F600004DF265
S3150800A3504C51C0F600018022022301F06DFB012852
S3150800A36003D0FFE7F8F738F9FFE7002400944AF22C
S3150800A3703540C0F600004DF25251C0F60001802269
S3150800A380022301F059FB009448F25520C0F600005C
S3150800A3904DF25E61C0F600014FF40072032301F02E
S3150800A3A04BFBFFF70FFD18B9FFE7F8F715F9FFE7BD
S3150800A3B000F05CFD02B010BD10B582B0019040F20D
S3150800A3C00044C4F60004204602210122F9F780FD64
S3150800A3D0204601210022F9F77BFDFFE70220F9F765
S3150800A3E05FFD0120F9F75CFD4FF47A7000F008FD77
S3150800A3F0F4E7000080B588B00790FFE76846FFF7E6
S3150800A400A9FC90B1FFE7069840F61C31C2F200019C
S3150800A4100968884209D0FFE7069840F61C31C2F25F
S3150800A42000010860FFF756FFFFE70A2000F0E8FC86
S3150800A430E4E7000010B582B0019000208DF8030013
S3150800A44040F62434C2F2000420460221FEF71AF927
S3150800A4502046FEF7EDF8FFE79DF8030080F00100BF
S3150800A4608DF803009DF80300FEF7A4F94FF4FA608F
S3150800A47000F0C6FCF0E7000080B586B005900598A8
S3150800A48000F000FA0490049808B9FFE737E0059849
S3150800A490B0F85C0003900498C0680599B1F85C10A0
S3150800A4A0B0FBF1F202FB1100029003980299401AE0
S3150800A4B0019001980499CA681044C8600498006815
S3150800A4C00599896D029A1144019AFFF71BFE0598B2
S3150800A4D0D0F88000C069202811D0FFE7FFE705986B
S3150800A4E0816DB0F85C20FBF7AFFE38B1FFE7FFE7F8
S3150800A4F00598002180F88410FFE7F0E7FFE706B02B
S3150800A50080BD000080B586B00590059800F0BAF9C0
S3150800A5100490049808B9FFE724E00598B0F85C00B1
S3150800A52000F0010101EB500003900498C0680599FA
S3150800A530B1F85C10B0FBF1F202FB1100029003982F
S3150800A5400299401A019001980499CA681044C86093
S3150800A550049800680599896D029A1144019AFFF7D3
S3150800A560D1FDFFE706B080BD80B586B00590059899
S3150800A57000F088F90490049808B9FFE725E00598E3
S3150800A580B0F85C10D0F8800000684068081A03909C
S3150800A5900498C0680599B1F85C10B0FBF1F202FBAB
S3150800A5A01100019003980199401A029002980499A3
S3150800A5B0CA681044C860049800680599896D019AAC
S3150800A5C01144029AFFF79EFDFFE706B080BD000022
S3150800A5D080B586B00490039140200290039818B184
S3150800A5E0FFE7029818B9FFE70020059011E00498E4
S3150800A5F000F048F90190019818B9FFE70020059086
S3150800A60007E0019800680399029AFFF7EDFC0590A8
S3150800A610FFE7059806B080BD80B584B00290029821
S3150800A62000F062F90190019818B9FFE7002003903D
S3150800A63028E00298C06F18B9FFE70020039021E0D0
S3150800A640019840680090009818B9FFE70020039029
S3150800A65018E0FFE702980068C06900F04000002192
S3150800A660B1EB901F01D1FFE7F4E702980199096859
S3150800A670BDF80020FBF7F6FE01980021416000981E
S3150800A6800390FFE704B080BD80B586B004900391BF
S3150800A6900292039818B1FFE7029818B9FFE700205D
S3150800A6A0059033E0049800F01FF90190019818B955
S3150800A6B0FFE70020059029E0019841688068401A64
S3150800A6C0009000980299884210D2FFE70198016825
S3150800A6D0406808440399009AF7F75BFE00980199C9
S3150800A6E04A6810444860009805900FE00198016890
S3150800A6F0406808440399029AF7F74BFE02980199B5
S3150800A7004A681044486002980590FFE706B080BD85
S3150800A71080B584B0039000208DF80B008DF80A00F0
S3150800A7200398D0F888008006002803D4FFE7F7F7D7
S3150800A73053FFFFE70398006844F20041C4F20001A2
S3150800A74088422FD0FFE744F60001C4F20001884290
S3150800A7502ED0FFE744F60041C4F2000188422DD00E
S3150800A760FFE745F20001C4F2000188422CD0FFE75A
S3150800A77048F20001C4F20001884207D0FFE743F619
S3150800A7800001C4F20101884206D023E001208DF8B9
S3150800A7900B008DF80A001EE001208DF80B008DF8DD
S3150800A7A00A0018E000208DF80B008DF80A0012E068
S3150800A7B000208DF80B008DF80A000CE001208DF8BA
S3150800A7C00B008DF80A0006E000208DF80B008DF8C6
S3150800A7D00A0000E0FFE79DF80B00C007A0B3FFE7FB
S3150800A7E0039800F04FF801900398D0F8800038B32A
S3150800A7F0FFE7019820B3FFE701980069F5F7CAFD5E
S3150800A8000199886001984069F5F7C4FD0199486087
S3150800A810019948684969FFF78BFB01990860039815
S3150800A8200068016841F01001016003980068102172
S3150800A83001620398019A9168128AFBF705FD02E006
S3150800A840F7F7CAFEFFE7FFE79DF80A00C007B0B1B1
S3150800A850FFE7039800F048F800900398C06F50B1DE
S3150800A860FFE7009838B1FFE700988068F5F792FD92
S3150800A8700099086002E0F7F7AFFEFFE7FFE704B0CC
S3150800A88080BD000082B000900098006844F6004140
S3150800A890C4F2000188421AD0FFE748F20001C4F268
S3150800A8A00001884207D0FFE743F60001C4F2010120
S3150800A8B0884206D011E040F20400C2F2000001907E
S3150800A8C00FE040F24C00C2F20000019009E040F2AD
S3150800A8D02800C2F20000019003E0FFE70020019083
S3150800A8E0FFE7019802B0704782B0009000980068B0
S3150800A8F044F60041C4F2000188421AD0FFE748F244
S3150800A9000001C4F20001884207D0FFE743F60001C0
S3150800A910C4F20101884206D011E040F21C00C2F2DE
S3150800A920000001900FE040F26400C2F200000190BE
S3150800A93009E040F24000C2F20000019003E0FFE7A0
S3150800A94000200190FFE7019802B0704782B001909D
S3150800A95001980069009001984168806888600198AC
S3150800A960416880684160009840680199884205D12D
S3150800A970FFE7019880680099486000E0FFE70198C2
S3150800A980002101610098016801390160009800689A
S3150800A99002B0704745F65030C2F2000000687047B2
S3150800A9A080B582B001900091019A009B40F2DC00CC
S3150800A9B0C2F200004DF21451C0F60001F5F740FD51
S3150800A9C002B080BD81B00090009800F10801416096
S3150800A9D000984FF0FF318160009800F10801C160CE
S3150800A9E0009800F10801016100980021016001B09A
S3150800A9F07047000081B0009000980021016101B005
S3150800AA007047000084B00390029102980068009095
S3150800AA100098013020B9FFE703980069019010E01B
S3150800AA20039808300190FFE701984068006800998C
S3150800AA30884205D8FFE7FFE7019840680190F3E7E9
S3150800AA40FFE7019840680299486002984168886063
S3150800AA5001980299886002980199486003980299BA
S3150800AA600861039801680131016004B0704700006D
S3150800AA7083B045F64841C2F200010291019002985E
S3150800AA80406800900098019948600098806801998C
S3150800AA9088600198009989684860019800998860DB
S3150800AAA0029801990861029801680131016003B0B2
S3150800AAB070470000DFF80C00016841F4700101607E
S3150800AAC07047000088ED00E080B582B04FF0500076
S3150800AAD080F31188BFF36F8FBFF34F8F019040F259
S3150800AAE07400C2F2000001680131016000680128A3
S3150800AAF012D1FFE74EF60450CEF2000000680006B9
S3150800AB0048B1FFE74DF20560C0F600004FF4F47156
S3150800AB10FFF746FFFFE7FFE702B080BD80B582B0CA
S3150800AB2040F27400C2F20000006848B9FFE74DF22F
S3150800AB300560C0F6000040F2EF11FFF731FFFFE7AE
S3150800AB4040F27400C2F20000016801390160006831
S3150800AB5030B9FFE700200190019880F31188FFE7DC
S3150800AB6002B080BD80B584B0039003980290039824
S3150800AB7000284ED0FFE70298083802900298019004
S3150800AB800198C0790021B1EBD01F09D1FFE74DF23A
S3150800AB906250C0F6000040F22F11FFF701FFFFE7F1
S3150800ABA00198006848B1FFE74DF26250C0F6000010
S3150800ABB04FF49871FFF7F4FEFFE70198C07900217A
S3150800ABC0B1EBD01F23D0FFE701980068E8B9FFE78B
S3150800ABD00198416821F00041416000F0B5FA0198FA
S3150800ABE0406845F6B431C2F200010A6810440860AC
S3150800ABF00198FEF70BFC45F6CC30C2F2000001685E
S3150800AC000131016001F010FA00E0FFE700E0FFE71C
S3150800AC10FFE704B080BD00004EF21000CEF200003F
S3150800AC20002101604EF21802CEF20002116040F2D5
S3150800AC300001C2F20001096844F6D352C1F2620269
S3150800AC40A1FB02124FF0FF3101EB92114EF21402F2
S3150800AC50CEF20002116007210160704780B582B00C
S3150800AC60EFF305800190019810281CD3FFE701989F
S3150800AC704EF2F031CEF20001405C8DF803009DF8EB
S3150800AC80030045F64431C2F200010978884209DA20
S3150800AC90FFE74DF20560C0F6000040F27A31FFF793
S3150800ACA07FFEFFE7FFE74EF60C50CEF20000006885
S3150800ACB000F4E06045F64831C2F2000109688842AE
S3150800ACC009D9FFE74DF20560C0F6000040F28A3167
S3150800ACD0FFF766FEFFE702B080BD000080B584B0CE
S3150800ACE003904DF25D50C0F60000029000200090DF
S3150800ACF0039848B9FFE74DF29850C0F6000040F6B1
S3150800AD00C931FFF74DFEFFE70298D0B3FFE70020F1
S3150800AD100190FFE70198072831D8FFE703980199C2
S3150800AD2045F6E832C2F2000202EBC10149688842E0
S3150800AD3009D1FFE7019845F6E831C2F2000101EBB7
S3150800AD40C00000901CE0009890B9FFE7019845F60E
S3150800AD50E831C2F2000151F8300048B9FFE701981E
S3150800AD6045F6E831C2F2000101EBC000009000E0B0
S3150800AD70FFE7FFE7FFE7019801300190CAE7FFE721
S3150800AD80FFE7009838B1FFE7029800990860039832
S3150800AD9000994860FFE704B080BD000080B584B024
S3150800ADA003900291019203980090FFF78DFE009898
S3150800ADB090F94400013028B9FFE70098002180F88F
S3150800ADC04410FFE7009890F94500013028B9FFE7DD
S3150800ADD00098002180F84510FFE7FFF79FFE0098CE
S3150800ADE0806B38B9FFE7009824300299019A00F081
S3150800ADF027F900E0FFE70098FEF738FE04B080BDAB
S3150800AE0080B582B00190002000900198D8B1FFE784
S3150800AE1000F09AF945F65830C2F200000068012899
S3150800AE2009D0FFE74DF2BC50C0F6000040F68E117F
S3150800AE30FFF7B6FDFFE701980021FDF781FE01F057
S3150800AE40F3F8009000E0FFE7009860B9FFE74EF6D8
S3150800AE500450CEF200004FF080510160BFF34F8FCF
S3150800AE60BFF36F8F00E0FFE702B080BD80B584B006
S3150800AE70002003900190FFF727FE039830B9FFE7FB
S3150800AE8040F67000C2F20000006801E00398FFE790
S3150800AE90029002980430FFF759FDE8B9FFE7FFE78B
S3150800AEA00298C06A00EB800040F68801C2F20001F1
S3150800AEB051F8200070B9FFE70298C06A012101FA2B
S3150800AEC000F045F66031C2F200010A6822EA000085
S3150800AED00860FFE7FFE700E0FFE70298806A28B10D
S3150800AEE0FFE702981830FFF731FD00E0FFE745F667
S3150800AEF05C30C2F20000016801310160029840F638
S3150800AF007001C2F200010968401AB0FA80F04009DF
S3150800AF10009045F62840C2F20000006888B1FFE7B5
S3150800AF20009870B1FFE702980430FFF7A1FD45F6D7
S3150800AF305430C2F20000016801310160012001901D
S3150800AF4009E045F65030C2F2000001680139016097
S3150800AF50FEF7EEFCFFE7FFF7E1FD0198012804D0B4
S3150800AF60FFE70298FEF7B4F8FFE745F62840C2F275
S3150800AF700000006838B3FFE7029840F67001C2F295
S3150800AF800001096888421CD1FFE745F65830C2F22D
S3150800AF900000006848B1FFE74DF2BC50C0F600005B
S3150800AFA040F61411FFF7FCFCFFE74EF60450CEF20C
S3150800AFB000004FF080510160BFF34F8FBFF36F8FD2
S3150800AFC000E0FFE7FFE704B080BD000081B0009015
S3150800AFD045F6C430C2F2000000680099086045F6DC
S3150800AFE05C40C2F2000000680099486001B07047F2
S3150800AFF045F66840C2F20000012101607047000072
S3150800B00080B582B001900091019848B9FFE74DF2EA
S3150800B010BC50C0F600004FF4A451FFF7C1FCFFE78F
S3150800B020019840F67001C2F2000109681831FFF76D
S3150800B030E9FC00980121FDF783FD02B080BD000000
S3150800B04080B584B0039002910192039848B9FFE74E
S3150800B0504DF2BC50C0F6000041F2BE41FFF7A0FC1D
S3150800B060FFE7FFE7039840680090009840F67001F4
S3150800B070C2F200010A68D061009880680A68106206
S3150800B08008681830009A9268506008681830009A64
S3150800B0909060039809688862039801680131016025
S3150800B0A0FFE7019820B1FFE74FF0FF300290FFE776
S3150800B0B002980199FDF744FD04B080BD80B582B0C1
S3150800B0C0FDF778FF00900098012804D1FFE701F00A
S3150800B0D0D1F8009000E0FFE7009801281FD1FFE7AC
S3150800B0E04FF0500080F31188BFF36F8FBFF34F8F77
S3150800B0F0019045F6C030C2F200004FF0FF31016002
S3150800B10045F62840C2F200000121016045F65C4080
S3150800B110C2F200000021016000F084F80DE00098FA
S3150800B120013048B9FFE74DF2BC50C0F6000040F6C2
S3150800B130A961FFF735FCFFE7FFE74DF27060C0F63F
S3150800B1400000006802B080BD45F65830C2F2000023
S3150800B150016801310160704780B584B045F6583002
S3150800B160C2F20000006838B1FFE745F66840C2F24F
S3150800B17000000121016053E045F66840C2F2000074
S3150800B18000210160FFE745F66030C2F20000006862
S3150800B19003900398B0FA80F08DF80B009DF80B0029
S3150800B1A0C0F11F000190019800EB800040F688016D
S3150800B1B0C2F2000151F8200048B9FFE74DF2BC5031
S3150800B1C0C0F6000041F2FA31FFF7EAFBFFE7FFE7B6
S3150800B1D0019800EB800040F68801C2F2000101EBFD
S3150800B1E0800000900098416849684160009841686D
S3150800B1F00830814204D1FFE70098C1684160FFE743
S3150800B20000984068C06840F67001C2F20001086004
S3150800B210FFE7FFE740F67000C2F200000068FFE7AC
S3150800B22004B080BD10B586B04EF60050CEF20000D0
S3150800B23000684CF27121C4F20F11884209D1FFE768
S3150800B2404DF20560C0F6000040F23711FFF7A8FB83
S3150800B250FFE74EF60050CEF2000000684CF270216F
S3150800B260C4F20F11884209D1FFE74DF20560C0F616
S3150800B27000004FF49C71FFF793FBFFE74EF608506A
S3150800B280CEF20000006805900598C06A47F21101E1
S3150800B290C0F60001884209D0FFE74DF20560C0F606
S3150800B2A0000040F25711FFF77BFBFFE70598806B1C
S3150800B2B046F61171C0F60001884209D0FFE74DF243
S3150800B2C00560C0F600004FF4AC71FFF769FBFFE7B5
S3150800B2D0002003904EF20040CEF200000290017862
S3150800B2E08DF81310FF21017000788DF807009DF87E
S3150800B2F0070000F0500045F64431C2F2000108701C
S3150800B300087848B9FFE74DF20560C0F6000040F23C
S3150800B3107B11FFF745FBFFE79DF80700C04310F0D8
S3150800B320500F09D0FFE74DF20560C0F6000040F265
S3150800B3307F11FFF735FBFFE7FFE79DF807000006DB
S3150800B340002809D5FFE70398013003909DF8070008
S3150800B35040008DF80700F0E70398082807D1FFE7B3
S3150800B36045F64830C2F200000021016008E0039863
S3150800B370C0F1070045F64831C2F200010860FFE750
S3150800B38045F64830C2F2000001680902016001680A
S3150800B39001F4E06101609DF813004EF20041CEF21F
S3150800B3A0000108704EF62050CEF20000016841F404
S3150800B3B07F010160016841F07F4101604EF61C5033
S3150800B3C0CEF2000000240460FFF726FC40F2740069
S3150800B3D0C2F200000460FFF76DFB4EF63470CEF241
S3150800B3E00000016841F040410160FEF73DF9FFF7B2
S3150800B3F0B3FEFEF707FB06B010BD000080B582B0AD
S3150800B4004FF0500080F31188BFF36F8FBFF34F8F53
S3150800B410009000F063FB40B1FFE74EF60450CEF211
S3150800B42000004FF08051016000E0FFE70020019026
S3150800B430019880F3118802B080BD000080B588B0FD
S3150800B44005210791069000208DF8170004900798AB
S3150800B45078B3FFE707984FF0FF31B1FBF0F0069994
S3150800B460884226D3FFE707980699484310F1550FF7
S3150800B4701FD8FFE707980699484303900398543066
S3150800B480FEF75CFB0490049888B1FFE704980290E5
S3150800B49002985430029007980699029A9DF8173038
S3150800B4A0DDF810C0CDF800C0FDF7B2FE00E0FFE7FA
S3150800B4B00CE0049848B9FFE74DF29850C0F6000032
S3150800B4C040F22A21FFF76CFAFFE7FFE7049808B075
S3150800B4D080BD000080B584B00390012002900190E1
S3150800B4E003980090009848B9FFE74DF29850C0F6C7
S3150800B4F0000040F23711FFF753FAFFE700980028DB
S3150800B50056D0FFE70098C06B002851D0FFE7009897
S3150800B510C16B006C4FF0FF32B2FBF1F1814247D3A9
S3150800B520FFE7FFF7D1FA00980168C26B036C02FBCC
S3150800B53003118160009800218163009801684160C9
S3150800B54000980168C26B036C013A02FB0311C160E3
S3150800B5500098FF2180F84410009880F8451002985A
S3150800B560D0B9FFE700980069A0B1FFE7009810304E
S3150800B57000F08AFC60B1FFE74EF60450CEF20000F8
S3150800B5804FF080510160BFF34F8FBFF36F8F00E01C
S3150800B590FFE700E0FFE708E000981030FFF712FA2F
S3150800B5A000982430FFF70EFAFFE7FFF7B7FA02E034
S3150800B5B000200190FFE7019848B9FFE74DF298503F
S3150800B5C0C0F600004FF4B671FFF7EAF9FFE704B0DA
S3150800B5D080BD000080B58EB00A9040F60C30C2F2ED
S3150800B5E0000009900020089007900A980490049893
S3150800B5F048B9FFE74DF29850C0F600004FF4926143
S3150800B600FFF7CEF9FFE70999002031B9FFE704985B
S3150800B610006C002818BF0120FFE7C00748B1FFE704
S3150800B6204DF29850C0F6000040F29141FFF7B8F984
S3150800B630FFE707990020022906D1FFE70498C06BA7
S3150800B640013818BF0120FFE7C00748B1FFE74DF2F0
S3150800B6509850C0F6000040F29241FFF7A1F9FFE7C3
S3150800B660FFF7FCFAEFF311804FF0500181F31188D0
S3150800B670BFF36F8FBFF34F8F0C900B910C9805900B
S3150800B6800498806B0499C96B884204D3FFE707982E
S3150800B69002286BD1FFE7049890F845008DF80F0053
S3150800B6A00498806B029004980999079AFDF71CFC88
S3150800B6B09DF90F000130A8BBFFE70498806CC8B15C
S3150800B6C0FFE70798022804D1FFE7029808B1FFE7C9
S3150800B6D00FE00498FDF756FF48B1FFE7089820B138
S3150800B6E0FFE708980121016000E0FFE700E0FFE7B7
S3150800B6F0FFE716E00498406A88B1FFE7049824300B
S3150800B70000F0C2FB48B1FFE7089820B1FFE70898A8
S3150800B7100121016000E0FFE700E0FFE700E0FFE746
S3150800B720FFE720E0FFE7FFF735F901909DF90F00E5
S3150800B7300199884215D2FFE79DF90F007F2809D1A4
S3150800B740FFE74DF29850C0F6000040F21E51FFF791
S3150800B75027F9FFE79DF80F000130049981F84500A5
S3150800B760FFE7FFE7FFE70120069002E000200690CA
S3150800B770FFE705980D900D9880F311880EB080BDEF
S3150800B78080B58AB00890079106920020059008981F
S3150800B7900290029848B9FFE74DF29850C0F60000AB
S3150800B7A040F2E951FFF7FCF8FFE70799002031B9A5
S3150800B7B0FFE70298006C002818BF0120FFE7C007C2
S3150800B7C048B1FFE74DF29850C0F6000040F2ED513F
S3150800B7D0FFF7E6F8FFE700F05BF9002128B9FFE775
S3150800B7E00699002918BF0121FFE7C80748B1FFE7F6
S3150800B7F04DF29850C0F6000040F2F251FFF7D0F82B
S3150800B800FFE7FFE7FFF760F90298806B0190019860
S3150800B81030B3FFE702980799FDF744FB0198013812
S3150800B8200299886302980069A0B1FFE70298103070
S3150800B83000F02AFB60B1FFE74EF60450CEF2000096
S3150800B8404FF080510160BFF34F8FBFF36F8F00E059
S3150800B850FFE700E0FFE7FFF761F9012009906DE0D7
S3150800B860069828B9FFE7FFF759F90020099065E01F
S3150800B870059830B9FFE703A8FFF7A8FB0120059054
S3150800B88000E0FFE7FFE7FFE7FFF748F9FFF75CFC93
S3150800B890FFF71AF9029890F94400013028B9FFE732
S3150800B8A00298002180F84410FFE7029890F94500B5
S3150800B8B0013028B9FFE70298002180F84510FFE714
S3150800B8C0FFF72CF903A806A900F03CF830BBFFE700
S3150800B8D00298FDF743FED0B1FFE702982430069997
S3150800B8E0FFF78EFB0298FEF7C1F800F09DFB60B9E2
S3150800B8F0FFE74EF60450CEF200004FF0805101608B
S3150800B900BFF34F8FBFF36F8F00E0FFE705E00298A4
S3150800B910FEF7ACF800F088FBFFE70EE00298FEF7AA
S3150800B920A5F800F081FB0298FDF718FE18B1FFE7AD
S3150800B9300020099002E0FFE7FFE763E709980AB0ED
S3150800B94080BD000080B586B005900491059848B979
S3150800B950FFE74DF2BC50C0F6000041F2A551FFF7D3
S3150800B9601FF8FFE7049848B9FFE74DF2BC50C0F648
S3150800B970000041F2A651FFF713F8FFE7FFF7A4F816
S3150800B98045F65C40C2F200000068029002980599EC
S3150800B9904968401A019040F67000C2F2000000683B
S3150800B9A090F8590058B1FFE740F67000C2F200005F
S3150800B9B00068002180F859100120039037E00498A8
S3150800B9C00068013018B9FFE7002003902EE045F61D
S3150800B9D0C430C2F2000000680599096888420CD094
S3150800B9E0FFE7029805994968884206D3FFE70120D0
S3150800B9F0039004980021016017E0019804990968EA
S3150800BA0088420BD2FFE7019804990A68101A086061
S3150800BA100598FFF7DBFA0020039005E0049800215B
S3150800BA20016001200390FFE7FFE7FFE7FFE7FFF765
S3150800BA3075F8039806B080BD80B58AB0DDF830C0C9
S3150800BA4009900891ADF81E200020069005930998E4
S3150800BA500899BDF81E20069BDDF814C0DDF830E015
S3150800BA60CDF804E0CDF800C0FDF7EEFA049004988E
S3150800BA7030B1FFE70498FDF7FBF80120039003E0D7
S3150800BA804FF0FF300390FFE703980AB080BD00002F
S3150800BA9081B045F62840C2F20000006818B9FFE7F1
S3150800BAA0012000900DE045F65830C2F2000000680B
S3150800BAB018B9FFE70220009002E000200090FFE797
S3150800BAC0FFE7009801B0704781B045F65C40C2F2C6
S3150800BAD0000000680090009801B0704780B588B0F3
S3150800BAE00020059045F65830C2F20000006800288C
S3150800BAF040F02181FFE745F65C40C2F2000001688C
S3150800BB000131049104990160049858BBFFE7FFE7E7
S3150800BB1040F67800C2F200000068006848B1FFE706
S3150800BB204DF2BC50C0F6000041F25F21FEF738FF27
S3150800BB30FFE740F67800C2F200000168039140F67C
S3150800BB408001C2F200010A6802600398086045F69F
S3150800BB50C430C2F20000016801310160FDF7E8FE59
S3150800BB60FFE700E0FFE7049845F6C031C2F200019E
S3150800BB7009688842C0F0BE80FFE7FFE740F6780014
S3150800BB80C2F200000068006840B9FFE745F6C03019
S3150800BB90C2F200004FF0FF310160AAE040F67800DB
S3150800BBA0C2F200000068C068C0680790079840683D
S3150800BBB0069004980699884207D2FFE7069845F644
S3150800BBC0C031C2F20001086093E0FFE7FFE707987B
S3150800BBD04069029007988168C068886007988168FC
S3150800BBE0C06841600298406807990431884205D1C7
S3150800BBF0FFE70798C06802994860FFE707980021A1
S3150800BC0041610298016801390160FFE70798806A77
S3150800BC1008B3FFE7FFE70798806A01900798C169AC
S3150800BC20006A88600798C169006A4160019840689F
S3150800BC3007991831884205D1FFE70798006A0199E4
S3150800BC404860FFE707980021816201980168013979
S3150800BC500160FFE700E0FFE7FFE70798C06A0121F8
S3150800BC6001FA00F045F66031C2F200010A68104395
S3150800BC700860FFE70798C06A00EB800140F6880075
S3150800BC80C2F2000000EB8101496800910099079A09
S3150800BC90916000998968079AD16007990431009ADA
S3150800BCA09268516007990431009A91600799CA6AA7
S3150800BCB002EB820200EB82024A610799C96A01EB2C
S3150800BCC0810150F82120013240F82120FFE7FFE7E3
S3150800BCD00798C06A40F67001C2F200010968C96A8D
S3150800BCE0884203D9FFE70120059000E0FFE7FFE758
S3150800BCF044E7FFE740F67000C2F200000068C06A39
S3150800BD0000EB800040F68801C2F2000151F82000DD
S3150800BD10022803D3FFE70120059000E0FFE745F678
S3150800BD206840C2F20000006818B1FFE701200590DC
S3150800BD3000E0FFE707E045F6D030C2F200000168F0
S3150800BD4001310160FFE7059808B080BD80B584B071
S3150800BD50039003980290002001900398002800F0B1
S3150800BD608F80FFE7029840F67001C2F20001096869
S3150800BD70884209D0FFE74DF2BC50C0F6000041F6F4
S3150800BD802821FEF70DFEFFE70298006D48B9FFE788
S3150800BD904DF2BC50C0F6000041F62921FEF700FE20
S3150800BDA0FFE70298016D013901650298C16AC06C06
S3150800BDB0814263D0FFE70298006D00285CD1FFE757
S3150800BDC002980430FEF7C2FD70B9FFE70298C06A10
S3150800BDD0012101FA00F045F66031C2F200010A6855
S3150800BDE022EA0000086000E0FFE70298C16CC16221
S3150800BDF00298C16AC1F120018161FFE70298C06A11
S3150800BE00012101FA00F045F66031C2F200010A6824
S3150800BE1010430860FFE70298C06A00EB800140F60D
S3150800BE208800C2F2000000EB810149680091009980
S3150800BE30029A916000998968029AD1600299043140
S3150800BE40009A9268516002990431009A91600299A9
S3150800BE50CA6A02EB820200EB82024A610299C96A47
S3150800BE6001EB810150F82120013240F82120FFE73B
S3150800BE70FFE70120019000E0FFE700E0FFE700E0B0
S3150800BE80FFE7019804B080BD80B588B00790079891
S3150800BE90C068C0680690069848B9FFE74DF2BC50DE
S3150800BEA0C0F6000041F2F541FEF77AFDFFE7FFE72D
S3150800BEB00698806A04900698C169006A88600698A0
S3150800BEC0C169006A41600498406806991831884239
S3150800BED005D1FFE70698006A04994860FFE70698C7
S3150800BEE0002181620498016801390160FFE745F67F
S3150800BEF05830C2F20000006800285DD1FFE7FFE76E
S3150800BF0006984069039006988168C0688860069814
S3150800BF108168C06841600398406806990431884280
S3150800BF2005D1FFE70698C06803994860FFE70698B9
S3150800BF30002141610398016801390160FFE7FFE7C5
S3150800BF400698C06A012101FA00F045F66031C2F28E
S3150800BF5000010A6810430860FFE70698C06A00EB0C
S3150800BF60800140F68800C2F2000000EB81014968B2
S3150800BF7002910299069A916002998968069AD16097
S3150800BF8006990431029A9268516006990431029A18
S3150800BF9091600699CA6A02EB820200EB82024A6144
S3150800BFA00699C96A01EB810150F82120013240F84F
S3150800BFB02120FFE7FFE71DE0FFE745F6D430C2F290
S3150800BFC00000416801910199069AD1610199896831
S3150800BFD0069A116206991831019A92685160069973
S3150800BFE01831019A916006998862016801310160E9
S3150800BFF0FFE7FFE70698C06A40F67001C2F2000143
S3150800C0000968C96A884208D9FFE70120059045F6FC
S3150800C0106841C2F20001086002E000200590FFE7CF
S3150800C020059808B080BD000010B588B000240794B4
S3150800C0300694FEF749FD059445F65830C2F200000D
S3150800C040006848B9FFE74DF2BC50C0F6000040F65C
S3150800C0508B71FEF7A5FCFFE745F65830C2F20000E3
S3150800C0600168013901600068002840F0FC80FFE79C
S3150800C07045F65030C2F200000068002800F0F28051
S3150800C080FFE7FFE745F6D430C2F200000068002853
S3150800C09000F09A80FFE745F6D430C2F20000C06887
S3150800C0A0C0680790FFE70798806A04900798C169F7
S3150800C0B0006A88600798C169006A41600498406808
S3150800C0C007991831884205D1FFE70798006A04994D
S3150800C0D04860FFE7079800218162049801680139E2
S3150800C0E00160FFE7FFE707984069039007988168B2
S3150800C0F0C068886007988168C0684160039840688E
S3150800C10007990431884205D1FFE70798C068039963
S3150800C1104860FFE7079800214161039801680139E3
S3150800C1200160FFE7FFE70798C06A012101FA00F0FE
S3150800C13045F66031C2F200010A6810430860FFE75D
S3150800C1400798C06A00EB800140F68800C2F200003A
S3150800C15000EB8101496802910299079A9160029958
S3150800C1608968079AD16007990431029A92685160E2
S3150800C17007990431029A91600799CA6A02EB82020A
S3150800C18000EB82024A610799C96A01EB810150F8FE
S3150800C1902120013240F82120FFE7FFE70798C06A0F
S3150800C1A040F67001C2F200010968C96A884209D9D5
S3150800C1B0FFE7059845F66841C2F20001012241F8F9
S3150800C1C0202000E0FFE75DE7079818B1FFE7FDF7D5
S3150800C1D0AFFBFFE745F6D030C2F2000000680190D9
S3150800C1E00198F0B1FFE7FFE7FFF778FC48B1FFE7F2
S3150800C1F0059845F66841C2F20001012241F820205F
S3150800C20000E0FFE7019801380190FFE70198002850
S3150800C210EAD1FFE745F6D030C2F2000000210160FE
S3150800C22000E0FFE7059845F66841C2F2000151F8BB
S3150800C2302000A8B1FFE701200690FFE740F670004E
S3150800C240C2F2000000684EF60450CEF200004FF02D
S3150800C25080510160BFF34F8FBFF36F8FFFE700E098
S3150800C260FFE7FFE700E0FFE7FEF758FC069808B08F
S3150800C27010BD000080B582B000200190FCF7A8FD33
S3150800C28045F66040C2F200000068A0B1FFE745F637
S3150800C2906440C2F20000009049F64D20C0F6000046
S3150800C2A04DF23E61C0F600014FF480721F23FFF77E
S3150800C2B0C3FB019000E0FFE7019848B9FFE74DF29C
S3150800C2C0E050C0F600004FF4A371FEF769FBFFE7E4
S3150800C2D0019802B080BD5FEA400C08BF91F0000FDC
S3150800C2E04FEA8C234FEAC12243EA51514FEA1C50C8
S3150800C2F018BF00F5F0404FEA300018BF41F0004182
S3150800C3005FEA6C5C00F02980BCF1FF3F08BF40F093
S3150800C31080407047130C06BF12044FF0100C4FF004
S3150800C320000C130E04BF12020CF1080C130F04BF05
S3150800C33012010CF1040C930F04BF92000CF1020CCD
S3150800C340D30F04BF52000CF1010C11464FF0000246
S3150800C350A0F11F00A0EB0C00704711F0004F08BFBA
S3150800C360704731F000413FF4D5AF0B0C06BF090406
S3150800C3704FF0100C4FF0000C0B0E04BF09020CF125
S3150800C380080C0B0F04BF09010CF1040C8B0F04BF3A
S3150800C39089000CF1020CCB0F04BF49000CF1010C0B
S3150800C3A0CCF1200322FA03F341EA030102FA0CF264
S3150800C3B0A0EB0C0000F101007047000023F07F4756
S3150800C3C020F07F4C80EA030000F00040ACEB070346
S3150800C3D003F57C5303F1FF032DE9804909B44FEABD
S3150800C3E0144324EA03484FEA154B25EA0B4E0FF28D
S3150800C3F0042606EB13273E7803FB0667C7F50007F6
S3150800C40007FB06F64FEAD64606F102064FEA543708
S3150800C41007FB066CCCF1005C4FEA1C472CEA074C7C
S3150800C4200CFB06F507FB06F404EB15464FEA9616D1
S3150800C43049085FEA320234BF00204FF000404FEA55
S3150800C440D13706FB07FC4FEA1C4C0CFB0BF7D21B3B
S3150800C45003FB0CF761EB07010CFB0EF7B0EB07408B
S3150800C46072EB17420CFB08F734BFA2EB0742B2EB9C
S3150800C470074261EB17414FEA0C444FEA910706FB66
S3150800C48007FC4FEA1C4C0CFB0BF7B0EBC74072EBF2
S3150800C490573203FB0CF734BFA2EBC742B2EBC742D5
S3150800C4A061EB57310CFB0EF7B0EBC70072EB577216
S3150800C4B00CFB08F734BFA2EBC702B2EBC70261EB6D
S3150800C4C057714FEA816141EA92114FEA826242EA64
S3150800C4D090124FEA806004EBCC04039F4FEAD137F1
S3150800C4E006FB07FC4FEA1C4C0CFB0BF7D21B03FBA5
S3150800C4F00CF761EB07010CFB0EF7B0EB074072EB8C
S3150800C50017420CFB08F734BFA2EB0742B2EB07420F
S3150800C51061EB17414FEA8C5504EB9C244FEA9107CF
S3150800C52006FB07FC4FEA1C4C0CFB0BF7B0EBC740AD
S3150800C53072EB573203FB0CF734BFA2EBC742B2EBE0
S3150800C540C74261EB57310CFB0EF7B0EBC70072EB35
S3150800C55057720CFB08F734BFA2EBC702B2EBC7024F
S3150800C56061EB57714FEA816141EA92114FEA8262A3
S3150800C57042EA90124FEA806015EB4C2544F100041C
S3150800C5804FEAD13706FB07FC4FEA1C4C0CFB0BF7AE
S3150800C590D21B03FB0CF761EB07010CFB0EF7B0EBA4
S3150800C5A0074072EB17420CFB08F734BFA2EB0742B1
S3150800C5B0B2EB074261EB17414FEA813141EA9241FA
S3150800C5C04FEA823242EA90424FEA80304FEA0C76CE
S3150800C5D015EB1C1544F1000448EA03434EEA0B48E0
S3150800C5E04FF0000EB2EB080C71EB030724BF62464E
S3150800C5F039464EEB0E0E4FF0000B001852414941DA
S3150800C6004BEB0B0BB2EB080C71EB03077BF1000B42
S3150800C61024BF624639464EEB0E0E4FF0000B00184B
S3150800C620524149414BEB0B0BB2EB080C71EB03077C
S3150800C6307BF1000B24BF624639464EEB0E0E51EADB
S3150800C640020718BF46F0010616EB0E7655F10002F2
S3150800C65054F1000103D5BDE88901BDE80088BDE8AD
S3150800C6608901BDE80048B619524141EB0101A3F121
S3150800C6700103704780807F7E7D7C7B7A7978777628
S3150800C68076757473727171706F6E6E6D6C6C6B6AA1
S3150800C6906A6968686766666564646363626161603F
S3150800C6A0605F5F5E5E5D5D5C5C5B5B5A5A595958BC
S3150800C6B05857575656555555545453535252525126
S3150800C6C0515050504F4F4F4E4E4D4D4D4C4C4C4B7C
S3150800C6D04B4B4A4A4A4949494848484747474746C3
S3150800C6E046464545454444444443434343424242FF
S3150800C6F04241414110B546EA06464FEA164646EA21
S3150800C70042564FEAD22242EA41524FEAD121A3F5D4
S3150800C7107053A3F1010300F02FF820F0004000F059
S3150800C720004700F1020CBCF5006F01EB0050114602
S3150800C73040EA070000D210BDBAF1000F0AD01CB5B6
S3150800C74003B44FF004004FF004014FF000000FBC93
S3150800C750BDE810404FF00001BBF1010FB9BF044816
S3150800C7604FF0FF310348002140EA070010BD00BF23
S3150800C770FFFFEF7F0000F07F9C46002B30D4770048
S3150800C7802BD04FEA37071CB503B44FF010004FF013
S3150800C7901001BAF1000F06D0BCF1000FDCBF40F063
S3150800C7A0080040F008014FF000000FBCBDE810403B
S3150800C7B00BF1010BBBF1010F08BF5FEA170722BF98
S3150800C7C012F1010211F101014FF0004143F100039A
S3150800C7D000F0004043EA00007047F9D35708D0E755
S3150800C7E046EA06464FEA164613F1400F1FDD13F1D7
S3150800C7F0200FDFBF16430A46002120335B42BED016
S3150800C800C3F1200746EA06464FEA164602FA07F734
S3150800C81046EA070622FA03F2C3F1200701FA07F7E8
S3150800C82042EA070221FA03F14FF00003A7E746EAB6
S3150800C830020646EA06464FEA164646EA0106BCBF1F
S3150800C84046EA0646360C4FF000034FF000024FF05A
S3150800C850000194E72DE9804C70B49A46934691E816
S3150800C860380007C831EA400C48BF34EA430C03D500
S3150800C870FFF7A4FDFFF780FFF0BCBDE8008C2DE9AB
S3150800C880804C70B49A46934691E8380007C831EA56
S3150800C890400C48BF34EA430C03D5FFF78FFDFFF77A
S3150800C8A029FFF0BCBDE8008C2DE9804C70B49A468F
S3150800C8B0934691E8380007C810F0804F08BF13F078
S3150800C8C0804F03D100F01AF8FFF756FFF0BCBDE819
S3150800C8D0008C2DE9804C70B49A46934691E838004E
S3150800C8E007C810F0804F08BF13F0804F03D100F03F
S3150800C8F005F8FFF7FFFEF0BCBDE8008C20F07F4787
S3150800C90023F07F4C80EA030000F0004007EB0C039D
S3150800C910A3F57C53A3F1FE0392F0000F00F0B38059
S3150800C92095F0000F00F077802DE901494FEA114094
S3150800C93021EA00484FEA144624EA064700FB06FCAB
S3150800C94008FB06F607FB08F818EB06484CEB164CEE
S3150800C95000FB07F718EB07484CEB17404FEA124B5A
S3150800C96022EA0B4E4FEA154625EA06470BFB06FC5C
S3150800C9700EFB06F607FB0EFE1EEB064E4CEB164CA0
S3150800C9800BFB07F71EEB074E4CEB174B18EB0B0888
S3150800C99040F1000018EB0E0B58EB000840F10000C0
S3150800C9A08F1A4FF000014FF000063CBFC943661BC3
S3150800C9B014BFB5EB040C00213CBFC943F61B4FEA74
S3150800C9C0174427EA04454FEA1C472CEA074C04FBA0
S3150800C9D0076205FB07F70CFB05F616EB074642EB65
S3150800C9E0174204FB0CFC16EB0C4642EB1C421BEBF5
S3150800C9F0060658EB020241414EEA8E0E46EA9E06AC
S3150800CA0001D5BDE80189B619524141EB0101A3F1EF
S3150800CA100103BDE801894FEA144524EA05464FEAB1
S3150800CA20114721EA074C05FB07F406FB07F70CFB41
S3150800CA3006F111EB074144EB174405FB0CFC11EB1F
S3150800CA400C4144EB1C444FEA124722EA074C05FB0B
S3150800CA5007F206FB07F70CFB06F616EB074642EB52
S3150800CA60174205FB0CFC16EB0C4642EB1C456A18F4
S3150800CA7054F1000148BF7047B619524141EB010114
S3150800CA80A3F10103704795F0000F37D04FEA114222
S3150800CA9021EA02464FEA144724EA074C02FB07F14B
S3150800CAA006FB07F70CFB06F414EB074441EB1741AA
S3150800CAB002FB0CFC14EB0C4441EB1C414FEA1547F6
S3150800CAC025EA074C02FB07F506FB07F70CFB06F6FB
S3150800CAD016EB074645EB174502FB0CFC16EB0C4616
S3150800CAE045EB1C42121951F1000148BF7047B619AF
S3150800CAF0524141EB0101A3F1010370474FEA144586
S3150800CB0024EA05464FEA114721EA074C05FB07F1D7
S3150800CB1006FB07F70CFB06F212EB074241EB17413F
S3150800CB2005FB0CFC12EB0C4251EB1C414FF00006C6
S3150800CB3048BF7047921841EB0101A3F10103704702
S3150800CB4003B401984100009850EAC12018BF042098
S3150800CB504A0D18BF40F0010040F2FF72B2EB515F78
S3150800CB6008BF40F00200012808BF052002B0704740
S3150800CB7030B52DED048B81B0B0EE408AF0EE608AB8
S3150800CB806A4651EC180B00F023F900989FED329B8A
S3150800CB907E300090002821DC53EC192B51EC180B41
S3150800CBA000F0CEF91AD0002140F608004FF0000038
S3150800CBB0044651EC180B00F07DF908EE100A40F611
S3150800CBC0080004EA00014FF00000B5EEC08AF1EE55
S3150800CBD010FA04BF0220F5F7D4F82DE00098FF28D4
S3150800CBE030DB002108464FF0000000F4400553EC06
S3150800CBF0192B51EC180B00F019FB8CBF00240124EB
S3150800CC000220F5F7BEF89FED168A4DB1002C0CBF31
S3150800CC104FF400004FF48000A84218BF9FED118A18
S3150800CC20042108464FF00000002C01BFB1EE480A67
S3150800CC3001B0BDEC048B30BDB0EE480A01B0BDECC6
S3150800CC40048B30BD51EC180B00F034F901B000EE3E
S3150800CC50100ABDEC048B30BD000000000000000087
S3150800CC600000807FFFFF7F7F30B540F2FF742DED17
S3150800CC70048BF0EE608A18EE901A85B0B0EE408A02
S3150800CC809FED2B9B05468DED008B34EA115147D05D
S3150800CC9053EC192B51EC180B00F052F940D02A46E8
S3150800CCA051EC180B00F043FB41EC180B18EE900AF8
S3150800CCB08DED008B34EA10501CD053EC192B51EC37
S3150800CCC0180B00F03DF92BD10220F5F75AF800F0C1
S3150800CCD053F810EE901A18EE900A8DED020B8DEDB2
S3150800CCE0008B61F31E0003909DED020B05B0BDECB1
S3150800CCF0048B30BD0220F5F744F800F02DF810EE4D
S3150800CD00901A18EE900A8DED020B8DED008B61F3EB
S3150800CD101E0003909DED020B05B0BDEC048B30BDE3
S3150800CD2005B0B0EE480AF0EE680ABDEC048B30BDDB
S3150800CD30000000000000000008B59FED060A0A463C
S3150800CD4001468DED000A6846F3F7D6FE9DED000A0A
S3150800CD5008BD0000000000009FED050B10B553EC60
S3150800CD60102B51EC100B00F063F941EC100B10BDC1
S3150800CD7000000000000000709FED050B10B553EC95
S3150800CD80102B51EC100B00F053F941EC100B10BDB1
S3150800CD90000000000000001010B5044691ED000BDD
S3150800CDA0FFF7E6FE84ED000A10BD10B5044690EDC7
S3150800CDB0000B0846FFF758FF84ED000B10BD30380E
S3150800CDC00A2801D2012070470020704700000000A1
S3150800CDD010B582B01446CDE900010023009A2360FD
S3150800CDE0194B21F0004098422ADA024328D0B0F5C0
S3150800CDF0801FA8BF226810DA9FED150B53EC102B85
S3150800CE009DED000B51EC100B00F012F9CDE9000175
S3150800CE106FF0350221F0004022600F4B6FF31E5170
S3150800CE2003EB20501044206041F0FF5040F00050C2
S3150800CE3001909DED000B00BF02B051EC100B10BD28
S3150800CE409DED000BF8E700000000F07F00000000F1
S3150800CE50000000000000504302FCFFFF10B5002947
S3150800CE600AD00878002807D005487844F5F7D4F999
S3150800CE70002801D0002010BD0248784410BD0000EB
S3150800CE803A0800003208000010B500290AD00878D0
S3150800CE90002807D005487844F5F7BEF9002801D0E0
S3150800CEA0002010BD0248784410BD00002A08000082
S3150800CEB02208000021F0004201F00043A2F160526E
S3150800CEC0B2F5801F28BFD2F17F6C0BD95FEA001C30
S3150800CED043EAC20242EB507018BF704728BF20F0E1
S3150800CEE001007047B2F5801FBCBF184670474FEA6D
S3150800CEF0410C1CF5001F02D2084600F0DAB970B5DD
S3150800CF0000F040F900000089FFF7F6BF4FF0004037
S3150800CF10A0F580007047000002494FF0000000F0BD
S3150800CF20D4B900BF0000F87F491058BFC1F140418D
S3150800CF305B1058BFC3F140438B42EFF30080704744
S3150800CF4051EA030C17D41CF5801F58BFBCF5801F87
S3150800CF5000F10680994218BF704708BF9042704793
S3150800CF6007D711F5801F58BF13F5801F19D49942AA
S3150800CF707047894270471CF5801F08D5BCF5801F8D
S3150800CF80F7D58B4218BF704708BF824270474FF4E7
S3150800CF90001C1CEB410F38BF1CEB430F01D28B4220
S3150800CFA0704770B500F0EEF8922449004FF0005132
S3150800CFB04FF08053FFF7B8BF51EA030C17D41CF59E
S3150800CFC0801F58BFBCF5801F00F10680994218BF24
S3150800CFD0704708BF9042704707D711F5801F58BFA2
S3150800CFE013F5801F19D499427047894270471CF57A
S3150800CFF0801F08D5BCF5801FF7D58B4218BF704730
S3150800D00008BF824270474FF4001C1CEB410F38BF23
S3150800D0101CEB430F01D28B42704770B500F0B2F893
S3150800D020922449004FF000514FF08053FFF77CBF20
S3150800D03070B5DFF848C11CEA111E1EBF1CEA13159D
S3150800D0409EEA0C0F95EA0C0F00F06F8081EA030444
S3150800D0504EEAD47EAE4421EA4C1123EA4C1341F43D
S3150800D060801143F48013AEF17F7EA1FB024CA0FB36
S3150800D0700365361955EB0C05A1FB034C4CF100036F
S3150800D080A0FB021C16EB0C06654153F1000309428E
S3150800D09018BF46F0010613F4007F0BD14FEA03319F
S3150800D0A04FEA053041EA155140EA165034036FF04D
S3150800D0B003020AE04FEAC3214FEAC52041EA555167
S3150800D0C040EA5650F4026FF0020202EB2E4201EBE0
S3150800D0D0025585EACE710AD05FEA440C18BF24F0DF
S3150800D0E0004450F1000041F1000120EAD47040F2FA
S3150800D0F0FE7C624500D270BDA84214BF4FF0804442
S3150800D1004FF04044002E08BF0024BEF1806FA8BF30
S3150800D110A1F1C041BDE8704080F2828001F1C041B2
S3150800D12001F000414FF0000070470CEA13159EEA23
S3150800D1300C0F18BF95EA0C0F06D081EA030E4FF0C4
S3150800D14000000EF0004170BD00F01CF88900013E99
S3150800D15000F007B800F009B84FEA430C5FEA5C5CD8
S3150800D16008D081EA030100F05BB84FEA410C5FEA98
S3150800D1705C5CF6D102494FF0000070470000FF07DB
S3150800D1800000F87F0EF1020E2EF0030E5EF8046B17
S3150800D190364205D4012A43EB030515F5001F12D8BC
S3150800D1A0012841EB010C1CF5001F0CD80ED14FEAE3
S3150800D1B0D17C0CEB4C0C0CF1020C15F5001F08BFCA
S3150800D1C04CEBD37C04E04FF0080C01E04FEAD37C2B
S3150800D1D00CEB4C0526FA05F606F00706B6F1040C24
S3150800D1E006D20EEB860CBDE870404CF0010C604789
S3150800D1F0DFE80CF0090B02024FF00041A1F500210F
S3150800D2004FF0000070BD19461046012851EB010485
S3150800D21018BFD4F5001484BF002001F0004170BD8A
S3150800D2200808A0F500114FEA3101704753EA010CCE
S3150800D23017D41CF5801F58BFBCF5801F00F1068067
S3150800D2408B4218BF704708BF8242704707D713F54D
S3150800D250801F58BF11F5801F19D48B4270479B4217
S3150800D26070471CF5801F08D5BCF5801FF7D5994275
S3150800D27018BF704708BF904270474FF4001C1CEB5C
S3150800D280430F38BF1CEB410F01D2994270470FB4C8
S3150800D2900CBC03BCFFF7C1BEF1EE100A4FF6FF71D6
S3150800D2A0C0F2C03120EA010040F04070E1EE100AF9
S3150800D2B07047FF2141EAD050C00570474FF0000083
S3150800D2C07047F3F70EBEF3F743BF0CF00F03092BB5
S3150800D2D008BF082000F05F800A2B0BD0082B18BF68
S3150800D2E0704708BF1CF0400F0AD04FF000004FF0FF
S3150800D2F0000170471CF0400F18BF4FF00040704700
S3150800D3001CF0100F08D000F07F4220F0704342EA6C
S3150800D310D3014FEA4370704700F0604021F07F4226
S3150800D32042EA000201F07F4040EA727070474FF00F
S3150800D330FF0C4CF4E06C1CEA11531CBF9CEA030C6E
S3150800D3409445C2BFDA4201EB02517047002B0DD05B
S3150800D350BCF1000F0FD001F00041002AA4BF41F034
S3150800D360E04141F07F614FF00000704701F0004155
S3150800D3704FF00000704750EA01334FF09B0C18BF7E
S3150800D3804CF0806C7FF4C8AD7047F4F7BFB9F4F77A
S3150800D390FFBCF4F78DBE1CF4801F11D01CF4E02FDF
S3150800D3A003D06FEACC31490070474FF04050EFF395
S3150800D3B0008222F0704242EA000282F30088704737
S3150800D3C04FF0000070470000000000000000000059
S3150800D3D0303132333435363738394142434445469D
S3150800D3E04030580030313233343536373839616297
S3150800D3F06364656640307800040000080000000099
S3150800D4000000000200010000103031323334353696
S3150800D4103738396162636465667870003031323353
S3150800D420343536373839414243444546585000006A
S3150800D43002400000000000A00000000005400000B7
S3150800D440000000C8000000000C4000000000409CDE
S3150800D45000000000194000000020BCBE00000000CB
S3150800D46034400000BFC91B8E00000004B540000010
S3150800D470504BCFD06607E2CF010000006C41000098
S3150800D4803E8251AADFEEA73401000000D94200000F
S3150800D490DCB5A0E23A301F97FFFFFFFFB445000056
S3150800D4A0FD25A0C8E9A3C14FFFFFFFFFFF3F00000E
S3150800D4B00000008000000000FF3F00000000008020
S3150800D4C000000000010002000400060008000A002F
S3150800D4D00C0010002000400080000001000102033B
S3150800D4E004050607080C1014182030400000000038
S3150800D4F000000000010203040607080900000000F6
S3150800D50001020304010101030701000008040204E3
S3150800D510080101014672656552544F5320617373C1
S3150800D520657274206661696C65642E2046696C654F
S3150800D5303A2025732C206C696E653A2025752E20B5
S3150800D5400A004F4B0A007461736B31007461736B88
S3150800D55032007461736B340049444C4500546D7253
S3150800D56051002E2F557365722F4D6964646C65776B
S3150800D570617265732F4672656552544F532F706FEB
S3150800D580727461626C652F4D656D4D616E672F68AB
S3150800D5906561705F342E63002E2F557365722F4DAB
S3150800D5A06964646C6577617265732F467265655246
S3150800D5B0544F532F71756575652E63002E2F55735D
S3150800D5C065722F4D6964646C6577617265732F4661
S3150800D5D072656552544F532F7461736B732E6300D3
S3150800D5E02E2F557365722F4D6964646C6577617269
S3150800D5F065732F4672656552544F532F74696D656E
S3150800D60072732E63002E2F557365722F4D696464ED
S3150800D6106C6577617265732F4672656552544F5310
S3150800D6202F706F727461626C652F4743432F4152A6
S3150800D6304D5F434D34462F706F72742E6300546DE0
S3150800D64072205376630073746172745F7461736BCE
S3150800D6500072617370695F73657269616C006172EB
S3150800D6606D5F746573740043616E206C6973740032
S3150800D6701F000000D0D70008000000207800000036
S3150800D6801402000848D8000878000020F88B00002B
S3150800D69030020008000000000000F07FFFFFFFFFD7
S3150800D6A0FFFFEF7F1C00000043000000F8FFFFFFAC
S3150800D6B00C0000000E0000000F0000002E00000005
S3150800D6C01001000043000000F8FFFFFF0040404043
S3150800D6D04040404040404141414141404040404037
S3150800D6E040404040404040404040404040050202E3
S3150800D6F002020202020202020202020202202020A2
S3150800D70020202020202020020202020202029090FD
S3150800D71090909090101010101010101010101010FB
S3150800D720101010101010101002020202020288884F
S3150800D730888888880808080808080808080808085B
S3150800D7400808080808080808020202024000000043
S3150800D75000000000000000000000000000000000BB
S3150800D76000000000000000000000000000000000AB
S3150800D770000000000000000000000000000000009B
S3150800D780000000000000000000000000000000008B
S3150800D790000000000000000000000000000000007B
S3150800D7A0000000000000000000000000000000006B
S3150800D7B0000000000000000000000000000000005B
S3150800D7C0000000000000000000000000000000004B
S3150800D7D00024F40000000000000000000000000023
S3150800D7E00000000000010000000100000000000029
S3150800D7F0000000000001000000000000000000001A
S3150800D8000000000000000000000100000001000008
S3150800D81000000000000000000001000000000000F9
S3150800D82000000000000000000000000000010000E9
S3150800D83000010000000000000000000000010000D8
S30D0800D84010000000AAAAAAAA1A
S705080001D918
