:020000040800F2
:10000000D85C00202D03000851640008295B00081B
:100010004D640008D51900080976000800000000AA
:10002000000000000000000000000000C1650008A2
:100030007D1B000800000000C1640008396600084C
:100040004703000847030008470300084703000868
:100050004703000847030008470300084703000858
:10006000470300084703000847030008D9190008A0
:10007000E9190008F9190008091A0008191A0008F6
:10008000291A00084703000847030008470300082F
:1000900047030008911B0008A11B00084703000844
:1000A0004703000847030008470300084703000808
:1000B00047030008470300084703000847030008F8
:1000C00047030008470300084703000847030008E8
:1000D00047030008C17500084703000847030008EC
:1000E00047030008470300084703000847030008C8
:1000F00047030008470300084703000847030008B8
:1001000047030008470300084703000847030008A7
:10011000D9660008470300084703000847030008A2
:100120004703000847030008470300084703000887
:100130004703000847030008470300084703000877
:100140004703000847030008470300084703000867
:100150004703000847030008470300084703000857
:100160004703000847030008470300084703000847
:100170004703000847030008470300084703000837
:100180004703000847030008470300084703000827
:100190004703000800000000B11B0008C11B000855
:1001A000D11B0008E11B000847030008515B000851
:1001B00047030008470300084703000847030008F7
:1001C00047030008470300084703000847030008E7
:1001D000470300084703000800F002F800F096F813
:1001E0000AA090E8000C82448344AAF10107DA4592
:1001F00001D100F08BF8AFF2090EBAE80F0013F04E
:10020000010F18BFFB1A43F001031847B0BC0000F0
:10021000D0BC0000103A24BF78C878C1FAD8520781
:1002200024BF30C830C144BF04680C607047000070
:100230000023002400250026103A28BF78C1FBD8EF
:10024000520728BF30C148BF0B6070476E2900F0CD
:100250003D82702900F0938366290BF0968465290E
:100260000BF0938467290BF0908461290BF08F8445
:1002700003681B0A28BF41F08001692900F0EA8168
:10028000642900F0E781752900F0E4816F2900F00E
:100290002183782900F05F83E92900F0BB82E429FB
:1002A00000F0B882F52900F0B582EF2900F01E8336
:1002B000F82900F05E830368DB0928BF41F0800164
:1002C000632901F0D180732901F0D680E32901F080
:1002D000E180F32901F0E680002070471FB50BF0A4
:1002E00047FC9DE8030000F01DF901F063F90400EC
:1002F000002000210BF026FC401C60600020002143
:100300000BF00AFCE0601FBD10B510BD01F025F92F
:100310001146FFF7E3FF07F041FD01F001FA03B4D6
:10032000FFF7F2FF03BC07F0EBF900000948804734
:1003300009480047FEE7FEE7FEE7FEE7FEE7FEE7C7
:10034000FEE7FEE7FEE7FEE704480549054A064BDF
:1003500070470000C5660008D9010008D82C0020AD
:10036000D85C0020D84C0020D84C002070B5A0FBF1
:100370000140B4F1805170F1000024BF002070BD35
:10038000204600F007F805001CBF214600F0F8FBEE
:10039000284670BD70B5064600F0A8F8056806F15D
:1003A0000B0020F00704B4429CBF002070BD2B4618
:1003B0006A68BAB11068A04210D304F108018842FB
:1003C0003CBF5068586007D35168101941601168EC
:1003D000091B016058601460101D70BD13465268FF
:1003E000002AE7D12146284600F088F80028DED10F
:1003F00070BD70B50446051F00F078F80068002C49
:1004000014BF446870BD002C18BFAC423CBF2046EE
:100410006468F8D301680A18AA4218BF456003D17E
:100420002A6805461144016028684119A1421CBF91
:100430006C6070BD6168696021680844286070BDA7
:100440000FB4044910B503AA029800F073F910BC68
:100450005DF814FB100100200FB4014610B504AA8A
:10046000039800F067F910BC5DF814FB7CB51D46DD
:1004700016460C00009007D04142A14202D320440E
:10048000401E01E04FF0FF30064B7B442A46694690
:100490000190304600F033F9002C02D0009A002180
:1004A00011707CBD9702000010B5431C02E010F8EB
:1004B000011B71B18107FAD14FF0013202C88C1AC9
:1004C0008C4314EAC211F9D0C01A0A0603D0C01E28
:1004D00010BDC01A10BD0A0401D0801E10BD090253
:1004E000FCD0401E10BD70477047704700487047F1
:1004F00060000020704770477047704738B5044669
:100500000A4600206946AFF30080002808BF38BDC6
:1005100002460099204600F059FB012038BD012019
:1005200000F0ECBFF8B5AFF30080054600200C46A4
:100530000C2000BF0646A819A0420DD932466946D4
:100540000020AFF30080070008BF00F0D7FF00983D
:10055000A04218BF0546C419FFF7C8FF056007464B
:10056000F01D20F007004619284600F00AF8B442B2
:1005700008BFF8BDA21B31463868BDE8F84000F05E
:1005800025BB00210160416070470C20704770B5A9
:10059000044685690068C10601D5302600E02026A2
:1005A000C00707D070BDD4E9012130469047206ACA
:1005B000401C20626D1EF6D570BD70B5044685697D
:1005C0000078C00707D170BDD4E9012120209047F1
:1005D000206A401C20626D1EF6D570BD09684A0570
:1005E00001D540B27047C905FCD500B27047096813
:1005F0004A0501D5C0B27047C905FCD580B2704725
:1006000070B50C460546012A05D02878800600D52D
:10061000EA69002302E0012305E05B1C934202D259
:10062000E05C0028F9D1A869E618C01AA861286A18
:10063000184428622846FFF7AAFF04E0D5E9012103
:1006400014F8010B9047B442F8D32846FFF7B5FFE2
:1006500070BD00002DE9F0410646002410687529A0
:10066000314616A510D0FFF7B9FF002802DA404244
:1006700013A507E031688A0701D512A502E04907F2
:1006800004D511A5012401E0FFF7B1FF00210A22E2
:1006900006F1240709E0B0FBF2FCB0FBF2F302FB29
:1006A0001C00303078541846491C0028F3D12346EA
:1006B0002A463046BDE8F04100F0E7BA00000000ED
:1006C0002D0000002B0000002000000011680268CF
:1006D000006A530501D508700AE0D30501D50880EA
:1006E00006E0130603D5C217C1E9000200E0086066
:1006F0000120704701694A1C02610878704700B503
:100700008FB0CDE901310021059105497944CDE94A
:1007100003101146684600F03DF90FB000BD00001F
:10072000E5FFFFFFD1E900239A4202D2531C0B6080
:1007300010707047074B70B50D467B44FFF7DFFF25
:100740000446284600F0B2FE10B14FF0FF3070BDF5
:10075000204670BD5F7400002DE9FF5F15468A4694
:100760000446DFF8AC80F8440027D8E900103E4684
:10077000CDE9001010E03AF816106A4602A800F021
:1007800099FE411C07D02178890603D5E269391802
:1007900091420DD80744761C2078800602D5E06986
:1007A000B84205DDAE42E6DB3AF816000028E2D199
:1007B000A069C01BA0612046FFF7E9FED8E9001040
:1007C000CDE90010002017E03AF818106A4602A898
:1007D00000F070FEB0F1FF3F81460BD000250DF117
:1007E000080B05E0D4E901211BF8050090476D1CBA
:1007F0004D45F7D308F10100B0428046E4DB206AA2
:10080000384420622046FFF7D8FEBDE8FF9F000075
:100810002AB400002DE9F0418046D21D22F00702E3
:100820000025D2E90002F52915A614D0011E72F1A7
:10083000000106DA0023D0EB030063EB020211A6ED
:1008400008E0D8F800108B0701D50FA602E0490791
:1008500001D50EA601251146002408F1240704E065
:1008600000F0CEF930323A55641C50EA0102F7D15B
:100870002B46324621464046BDE8F04100F005BA1D
:10088000000000002D0000002B00000020000000F0
:1008900030B4002100F1240408E002F00705D2087A
:1008A000303542EA4372DB086554491C52EA0305BD
:1008B000F3D10468002310A2250708D504F0200412
:1008C0000C4304D0C46901230CA2641EC46130BC73
:1008D00000F0DBB910B5044621461068FFF787FE2B
:1008E00002462046BDE810400023D1E7D21D22F089
:1008F0000701D1E90023CBE7000000003000000031
:10090000F0B40D460188090502D5214C7C4402E073
:100910001F4C7C440E34002100F1240608E002F054
:100920000F071209E75D42EA03721B097754491C5D
:1009300052EA0307F3D102780023120704D5702D81
:1009400006D009B1022311342246F0BC00F09DB953
:1009500001231034F8E770B504460D4621461068AF
:10096000FFF745FE024629462046BDE870400023B9
:10097000C6E7D21D22F00703D3E90023C0E70368CE
:10098000126843F0200303600823C3610023B7E724
:100990008CB200002DE9F05F894604464FF0000A52
:1009A000DFF874B1FB44C0F820A02046E168884716
:1009B000002874D0252806D0D4E901219047206A68
:1009C000401C2062F1E700265F462046E168884728
:1009D0002028054607DB312D05D2781910F8200CA8
:1009E00008B10643F1E7B00701D526F00406C4F8C4
:1009F0001CA00027C4F818A02A2D09D028460BF007
:100A000083F838B304EB8708303DC8F8185019E074
:100A100059F8041B204604EB87029161E16888477E
:100A2000012F054618D1E069002820DA26F02006BB
:100A30001DE0D8F8180000EB800005EB40003038CE
:100A4000C8F818002046E168884705460BF05CF8B6
:100A50000028EED1012F0AD02E2D08D12046E168C2
:100A600088477F1C0546022F46F02006C4DBA0699C
:100A7000002803DA404246F00106A061F00701D0E9
:100A800026F010066C2D0BD0682D09D04C2D39D0D6
:100A90006A2D35D0742D35D07A2D33D016E038E05C
:100AA000E1682F4620468847B842054609D16C2F99
:100AB00026D04FF48060E16806432046884705460B
:100AC00004E06C2F1AD04FF4807006430DB3A5F1EB
:100AD0004100192802D8203546F400664A462946C6
:100AE000204626604E46FFF7B1FB80B101280BD0AF
:100AF000F61D26F0070000F1080956E74020E4E75C
:100B00008020D8E70020D6E706F104094DE7284603
:100B100052E7206ABDE8F09F1CB2000010B5203AF1
:100B2000C0F00B80B1E81850A0E81850B1E8185098
:100B3000A0E81850203ABFF4F5AF5FEA027C24BF6A
:100B4000B1E81850A0E8185044BF18C918C0BDE853
:100B500010405FEA827C24BF51F8043B40F8043B1C
:100B600008BF7047D20728BF31F8023B48BF11F8D1
:100B7000012B28BF20F8023B48BF00F8012B70472B
:100B80004FF000020429C0F0128010F0030C00F0B6
:100B9000BE84CCF1040CBCF1020F18BF00F8012B8D
:100BA000A8BF20F8022BA1EB0C0100F0B0BC5FEA5B
:100BB000C17C24BF00F8012B00F8012B48BF00F8CE
:100BC000012B7047004870475800002003464068DA
:100BD0008C46002818BF88423CBF03464068F8D3C3
:100BE00018681844884207D00CF1030020F0070071
:100BF000001D411A521A0146081D0A60FFF7F9BB91
:100C000030B5B0F10A0271F100034FEA900E4EEADE
:100C1000817EB0EB0E0061EB91014FEA101E4EEAAF
:100C2000017E10EB0E0041EB11114FEA102E4EEA3F
:100C3000016E10EB0E0041EB11214FEA104E4EEA0F
:100C4000014E10EB0E0041EB1141401841F1000143
:100C50004FEAD00040EA41704FEAD1014FEA8104E7
:100C600044EA907410EB800544EB01046D1944EBE9
:100C70000404521BA3414FF0000348BF0A3200D5C1
:100C800030BD401C41F1000130BD2DE9F0470D465B
:100C900099469246044600F124080168880604D566
:100CA000E06921F01001216000E00120A84201DD8F
:100CB000471B00E00027A1697A1902EB0900081A16
:100CC000A0612078C00602D42046FFF760FC002611
:100CD00008E0D4E901211AF806009047206A401C78
:100CE000761C20624E45F4DB2078C0060AD52046EB
:100CF000FFF74DFC06E0D4E9012130209047206A3F
:100D0000401C2062381EA7F10107F4DC07E0D4E99B
:100D1000012118F805009047206A401C2062281E17
:100D2000A5F10105F3DC2046FFF747FC207800061B
:100D300002D50220BDE8F0870120FBE72DE9FF4F37
:100D40000C461E464FF0FF378BB0D2E90001DDF8AC
:100D500060800A908A46C1F30A5505B93D460021D4
:100D600008464FF00000BAF1000F00F4400005DA29
:100D700000EB80004FF4400101EA50004FEA905927
:100D8000B9F1010F00DDB9460A9850EA4A000ED0C9
:100D900044F61050A5F2FF3545432F14B8F1000F6B
:100DA0001ED07542291E1EDDC9F100021CE0B8F1FB
:100DB000010F4FF0000001D0302103E0F24305E0C5
:100DC0002154401CB042FBDB30460022002121545C
:100DD0000B99C1F80880C1E900200FB0BDE8F08F81
:100DE000BD1B6D1CDEE74A4600DA694206A800F02A
:100DF00025FC06AB93E8070003AB83E807005046E9
:100E00000A990AF0A0FA8DE80700A0F500501F38F3
:100E100000900398002D0ADD42F21F014A46084463
:100E2000002303A9039068460AF00AFD09E0A0F533
:100E300000504A461F38002303A9039068460AF071
:100E400014FD8DE807000004000C03D04FF0FF30C4
:100E5000410800E01046B8F1000F03D000220092D4
:100E600015461EE0751E05D4FFF7CAFE30326255E6
:100E70006D1EF9D5B3460122084302D000227F1C23
:100E800004E02078302801D100227F1E002A099733
:100E900084D01DE0112D07DAFFF7B2FE3032625523
:100EA0006D1C50EA0102F5D1084302D00098C8B188
:100EB0000EE00021681E05E0235C625C635422544E
:100EC000401E491C8142F7DBAB46A81B401E09901F
:100ED000002004F80B000B98099AC0F80880C0E9BC
:100EE000002B7AE711264FF0000857E72DE9F04F65
:100EF00088460446D21D22F0070191B0D1E90001D5
:100F0000CDE90A010AF0E8FD02460B98C00F01D0B6
:100F10002D2007E02068810701D52B2002E0202149
:100F200001EAC000032A099001D0072A05DB034625
:100F30004146204600F042FB0BE12078800601D5B7
:100F4000E06900E00620B8F1650F814606D0B8F1EF
:100F5000660F18D0B8F1670F70D131E00020B9F1F9
:100F6000110F009001DB112301E009F101030AAA2E
:100F700001A90CA8FFF7E2FEDDE90C70002609F1DB
:100F80000105834647E001204B4600904FF00047A3
:100F90000AAA01A90CA8FFF7D1FEDDE90DB00C9952
:100FA0005D46002610B909F101000D18B9EB0500E6
:100FB00003D4C0F1FF3609F10105A5EB09002BE0D0
:100FC000B9F1010F01DA4FF001090020B9F1110F59
:100FD0000090484601DD112300E003460AAA01A95A
:100FE0000CA8FFF7ABFEDDE90C704D4600268346EA
:100FF000207800070AD4AB4500DA5D4601A8012D30
:1010000004DD411911F8011C302907D04F4502DADF
:1010100017F1040F04DA012082460FE06D1EEEE79F
:10102000002F02DCED1B3E4403E0781CA84200DDEB
:101030007D1CB81B00F1010A4FF000472078000723
:1010400003D4AA4501DB4FF0FF3A0021B7F1004F6E
:101050000DF143088DF8431024D002202B23002FDC
:1010600001DA7F422D230A21021EA0F1010000DCDB
:101070005FB197FBF1FC97FBF1F201FB1C7C17467B
:101080000CF1300C08F801CDEEE7A8F10100037077
:101090002188090501D5452100E06521A0F101085D
:1010A00000F8011C09980FA9A1EB0807FF1D00B16A
:1010B0000120411901EBEA70A1693844081A401E69
:1010C000A0612078C00602D42046FFF760FA099894
:1010D00028B1D4E901219047206A401C2062207881
:1010E000C00622D52046FFF752FA1EE0002E04DB90
:1010F000B34502DD01A8805D00E03020D4E9012184
:101100009047206A401C2062761CAAF101005FEA29
:10111000000A0AD100F04EFAC0680168405CD4E9C8
:1011200001219047206A401C2062281EA5F101057C
:10113000DCDC07E0D4E9012118F8010B9047206AB4
:10114000401C2062381EA7F10107F3DC2046FFF7A0
:1011500034FA032011B041E62DE9F04F04460D4664
:10116000D21D22F0070089B0D0E9009748463946E1
:101170000AF0B2FC0246F80F01D02D2307E02068E8
:10118000810701D52B2302E0202101EAC0038DF85D
:1011900020300BB1012000E00020032A824601D05C
:1011A000072A04DB2946204600F008FA3FE12078B0
:1011B000800601D40D2500E0E569C7F30A560D2D20
:1011C00049DA00214FEA175B08464FF00000002F74
:1011D00000F4400007DA00EB80004FF4400100EB20
:1011E000D07001EA60008115012901DD4FF0FF3167
:1011F00000224FEA850CBCF1180F06D31346ACF160
:1012000018004FF08052C24003E04FF4801323FADD
:101210000CF30CF10C0CBCF1200F04D3ACF1200C3E
:1012200009FA0CF001E007FA0CF000294FF0004831
:1012300001DD18B90FE00ED140450CD319EB0209BE
:101240005F4121B9404502D19F4329EA0209BBEB26
:10125000175F00D0761C2088000502D57B487844B3
:1012600002E07A487844193808AA302302F80A3094
:10127000037C0AF10101002E0AF1020A53546A4666
:1012800002DC4FF0300101E04FF031014FF0010876
:101290008DF8001002D0A6F2FF3603E059EA4701AC
:1012A00000D06B4E002D02DC2178090704D54FF0E9
:1012B00002082E218DF80110C44600210BE0C7F36F
:1012C00003433F01C35C491C6D1E02F80830052929
:1012D00008F1010801DA002DF1DC00210CE000EB3F
:1012E0001973491C1B786D1E082902F808304FEA53
:1012F000091908F1010801DA002DF0DC21688B06DC
:1013000002D516E0A8F10108E04505DD02EB08036F
:1013100013F8013C302BF5D0B8F1000F09DD02EBDA
:10132000080313F8013C2E2B03D1090701D4A8F1BF
:101330000108002D05DD3E2102F808106D1E08F1A0
:101340000108407C002E02F8080008F1010804DAC8
:101350002D20764202F8080002E02B2002F8080057
:101360000A214FF47A70864208F101080BDB96FBE4
:10137000F0F3303302F8083096FBF0F308F101087F
:1013800000FB136601E0642E0CDB642096FBF0F397
:10139000303302F8083096FBF0F308F1010800FB47
:1013A000136601E00A2E06DB96FBF1F0303002F8FE
:1013B000080008F1010896FBF1F001FB10603030E5
:1013C00002F80800A16908F1010808EB050202EB28
:1013D0000A00081AA0612078C00602D42046FFF750
:1013E000D6F8216A08AE01EB0A00206204E0D4E9D5
:1013F000012116F8010B9047BAF1010AF7D22078C3
:10140000C00602D52046FFF7C2F86E4609E016F87E
:10141000010B3E280FD0D4E901219047206A401CDF
:101420002062B8F10108F2D22046FFF7C6F809B0F1
:101430000320BDE8F08F206A2844206203E0D4E94D
:101440000121302090476D1EEBD3F8E786A90000FC
:1014500002FCFFFF10B5436913B1AFF3008001E058
:10146000FFF7CEF8012010BD127800F124010A70B8
:1014700000224A700122EDE711684FF0FF32E9E7E0
:1014800010B5436913B1AFF3008001E0FFF764F9D1
:10149000012010BD128800F1240182840022C28440
:1014A0000122EDE711684FF0FF32E9E7007B00F021
:1014B000800070472DE9F04116460C46054600F0C5
:1014C00071F8036893F80101012807D0FF2C12D8A6
:1014D000185D80B101202C70BDE8F081D3F80701C0
:1014E0003246214603F20713C7182846BC46BDE81A
:1014F000F041002360474FF0FF30EDE710B500F0FA
:101500001DF9BDE8104000F014B94FF0000200B51D
:10151000134694469646203922BFA0E80C50A0E816
:101520000C50B1F12001BFF4F7AF090728BFA0E8C4
:101530000C5048BF0CC05DF804EB890028BF40F890
:10154000042B08BF704748BF20F8022B11F0804FD2
:1015500018BF00F8012B704770477546FFF732FB44
:10156000AE4605006946534620F00700854618B090
:1015700020B5FEF7E9FEBDE820404FF000064FF031
:1015800000074FF000084FF0000BAC46ACE8C00974
:10159000ACE8C009ACE8C009ACE8C00921F007011B
:1015A0008D46704710B500F005F8001D10BD00BF56
:1015B00095A5000000487047780000202DE9F04113
:1015C0001F46044603260168072A01F4006004DB75
:1015D00008B116A505E016A503E008B115A500E0C1
:1015E00015A521F010002060A069C01EA0610FB1F8
:1015F000401EA0612046FEF7CAFF4FB1D4E9012189
:1016000038469047206A401C2062C01C206206E0D9
:10161000206AFAE7D4E9012115F8010B9047761EFC
:10162000F8D22046FEF7C9FFBDE8F0814E414E00DA
:101630006E616E00494E4600696E66002DE9F04706
:10164000814616468AB0354878440DC88DE80D00AD
:1016500032487844801C03AC0DC884E80D0041F684
:101660009B300844372190FBF1F290FBF1F5A5F196
:10167000800501FB12041B3C02D56442012000E0FE
:101680000020DFF898A080460027FA44AAF1BE0A9D
:101690000EE0E0070AD03246684607EB4701012317
:1016A0000AEB81010AF0E1F88DE8070064107F1C65
:1016B000002CEED1194F7F44AE3F19E0E80715D05A
:1016C00007EB04100DF1180A90E80E008AE80E00EE
:1016D000C068F04201D1981908903246012306A94A
:1016E00003A80AF0C2F803AB83E807006D10641C7E
:1016F000002DE3D14FF0010332466946B8F1000FE7
:1017000003A802D00AF09CF801E00AF0AEF8C9E99B
:101710000001C9F808200AB0BDE8F0872CA6000037
:1017200010B50446AFF300802046BDE81040FEF738
:10173000F6BD002801D005F0E3BF704710B50128C1
:1017400005D0002103A000F021F8012010BD09A15F
:10175000F8E7000053494752544D454D3A204F7524
:1017600074206F662068656170206D656D6F727999
:10177000000000003A2048656170206D656D6F7251
:101780007920636F727275707465640070B5054678
:101790000C460A2000E06D1C00F050F835B12878A6
:1017A0000028F8D102E0641C00F048F814B1207859
:1017B0000028F8D1BDE870400A2000F03FB80000D2
:1017C00030B44FF0013C50F8042B51F8043BCCFAF4
:1017D00052F4D51A20D1FCB950F8042B51F8043B2F
:1017E000CCFA52F4D51A17D1B4B950F8042B51F8E9
:1017F000043BCCFA52F4D51A0ED16CB950F8042B34
:1018000051F8043BCCFA52F4D51A05D1002CDAD0A9
:1018100030BC4FF00000704729BAB1FA81F111F0E5
:101820001801D1F120008440F2D1CA40CB4012F01F
:10183000FF0213F0FF0330BCD01A704708B56946A9
:101840008DF800000320ABBE08BD53EA020C00F087
:1018500069802DE9F04B4FF00006002B1FBFB3FA53
:1018600083F503FA05F424FA05F65E4012BF164329
:10187000B2FA82F502FA05F4C5F120051EBF22FA7C
:1018800005FC44EA0C04203556EA044C4FEA1444A3
:1018900018BF641C4FF000084FF00009904271EB34
:1018A000030C39D3002919BFB1FA81F701FA07F601
:1018B000B0FA80F700FA07F6C7F120071EBF20FA3A
:1018C00007FC46EA0C062037B6FBF4FCA7EB05073D
:1018D000103F07F01F0BCBF120062CFA06F60CFA8E
:1018E0000BFB44BFB3460026202FA4BF5E464FF03B
:1018F000000B5BEA060C08BF4FF0010B19EB0B095C
:1019000048EB0608ABFB027C06FB02CC0BFB03CCCE
:10191000C01B71EB0C01C1E70B460246414648462D
:10192000BDE8F08B13B5084318BF4FF0FF300146F8
:10193000AFF30080BDE81C407047032A40F23080BE
:1019400010F0030C00F0158011F8013BBCF1020F00
:10195000624498BF11F801CB00F8013B38BF11F881
:10196000013BA2F1040298BF00F801CB38BF00F898
:10197000013B11F003033FF4D1A8083AC0F00880FE
:1019800051F8043B083A51F804CBA0E80810F5E7F9
:10199000121D5CBF51F8043B40F8043BAFF30080DC
:1019A000D20724BF11F8013B11F801CB48BF11F851
:1019B000012B24BF00F8013B00F801CB48BF00F821
:1019C000012B704702F0FF0343EA032242EA02427E
:1019D000FFF79DBDFFE7FEE780B540F29830C2F209
:1019E000000000F035FA80BD80B540F2F830C2F258
:1019F000000000F02DFA80BD80B540F21820C2F240
:101A0000000000F025FA80BD80B540F27820C2F2D7
:101A1000000000F01DFA80BD80B540F2D820C2F26F
:101A2000000000F015FA80BD80B540F23830C2F2F7
:101A3000000000F00DFA80BD84B0039003980068A8
:101A400040F20741C4F20201884211D8FFE740F694
:101A50000000C4F2020000900398007808384CF6A9
:101A6000CD41CCF6CC41A0FB01010809019012E068
:101A700040F62000C4F20200009003980078083875
:101A80004CF6CD41CCF6CC41A0FB0101082000EB87
:101A900011100190FFE700980290029803994A6C98
:101AA00022F0030210448864039840F68001C4F2D7
:101AB0000201C164019800F01F00012101FA00F049
:101AC0000399086504B0704782B00190019840689E
:101AD00000F07F000090009840F6FC01C4F2020183
:101AE00001EB800001994865019840F64011C4F26D
:101AF000020181650098013800F01F00012101FA00
:101B000000F00199C86502B07047000084B00390EE
:101B10000291019200930398C16C006D4860039894
:101B2000406D28B1FFE70398816DC06D4860FFE705
:101B30000398016C406C00F01F00012202FA00F0D3
:101B400048600098039909684860039880681028E5
:101B500009D1FFE701980399096888600298039901
:101B60000968C86008E002980399096888600198CC
:101B700003990968C860FFE704B070477047000028
:101B800081B0EFF3108072B60090FFE7FEE700002F
:101B900080B540F25840C2F2000000F005FE80BD62
:101BA00080B540F25840C2F2000000F0FDFD80BD5B
:101BB00080B540F2BC40C2F2000000F0F5FD80BDEF
:101BC00080B540F2BC40C2F2000000F0EDFD80BDE7
:101BD00080B540F22050C2F2000000F0E5FD80BD6B
:101BE00080B540F22050C2F2000000F0DDFD80BD63
:101BF00083B002904AF20040C4F2000000900298C4
:101C0000006846F60001C4F20001884205D1FFE7F2
:101C1000009800F554700090FFE70298006846F6BF
:101C20000041C4F20001884205D1FFE7009800F5A9
:101C3000D4600090FFE70098029908640298006859
:101C4000D0F8800020F4F81002990A68496B40EA45
:101C50000140C2F8800000987030029948640298F0
:101C60000068D0F8800020F0706002990A68896BE3
:101C700040EA0160C2F880000098B03002998864A0
:101C8000009800F5C4700299C864009800F51870B7
:101C900002990865009800F51E7002994865009841
:101CA0000190FFE70198009901F55471884208D22C
:101CB000FFE7019800210160FFE7019804300190DF
:101CC000F0E703B07047000083B0019000208DF86A
:101CD0000300019820B9FFE701208DF80B004AE0CE
:101CE000019890F82500022807D0FFE70198042109
:101CF000C16301208DF803002EE00198006801689F
:101D000021F00101016001980068016821F00E01D5
:101D100001600198806C016821F480710160019874
:101D2000016C406C00F01F00012202FA00F04860D4
:101D30000198C16C006D48600198406D58B1FFE793
:101D40000198406D016821F4807101600198816DF6
:101D5000C06D4860FFE7FFE70198012180F825107A
:101D6000FFE70198002180F82410FFE79DF80300A9
:101D70008DF80B00FFE79DF80B0003B070470000E3
:101D800080B582B0019000208DF80300019890F892
:101D90002500022811D0FFE701980421C1630198B2
:101DA000012180F82510FFE70198002180F8241018
:101DB000FFE701208DF8030040E00198006801680A
:101DC00021F00101016001980068016821F00E0115
:101DD00001600198806C016821F4807101600198B4
:101DE000016C406C00F01F00012202FA00F0486014
:101DF0000198C16C006D48600198406D58B1FFE7D3
:101E00000198406D016821F4807101600198816D35
:101E1000C06D4860FFE70198012180F82510FFE7B9
:101E20000198002180F82410FFE70198806B20B111
:101E3000FFE70198816B8847FFE7FFE79DF8030004
:101E400002B080BD81B000900098C06B01B07047B7
:101E500080B584B003900398006C006802900398EA
:101E600000680068019002980399496C01F01F0115
:101E7000C8404007002826D5FFE79DF8040040072A
:101E8000002820D5FFE70398006800688006002836
:101E900007D4FFE703980068016821F0040101609E
:101EA000FFE70398016C406C00F01F00042202FA67
:101EB00000F048600398006B20B1FFE70398016BC6
:101EC0008847FFE76FE002980399496C01F01F0112
:101ED000C8408007002830D5FFE79DF80400800740
:101EE00000282AD5FFE703980068006880060028CC
:101EF0000BD4FFE703980068016821F00A01016034
:101F00000398012180F82510FFE70398016C406CCD
:101F100000F01F00022202FA00F04860FFE7039879
:101F2000002180F82410FFE70398C06A20B1FFE782
:101F30000398C16A8847FFE734E002980399496C27
:101F400001F01F01C8400007002829D5FFE79DF8D0
:101F500004000007002823D5FFE703980068016804
:101F600021F00E0101600398016C406C00F01F002D
:101F7000012202FA00F048600398C263039880F8D7
:101F80002520FFE70398002180F82410FFE703983D
:101F9000406B20B1FFE70398416B8847FFE700E003
:101FA000FFE7FFE7FFE704B080BD000080B584B025
:101FB0000290029820B9FFE701208DF80F009EE003
:101FC0000298006840F20741C4F20201884218D822
:101FD000FFE7029801684FF6F872CBF6FD721144E4
:101FE0004CF6CD42CCF6CC42A1FB02126FF00301BD
:101FF00001EA9201416402980021C4F202010164E5
:1020000018E0029801684FF6F832CBF6FD721144E1
:102010004CF6CD42CCF6CC42A1FB02126FF003018C
:1020200001EA92014164029840F20041C4F20201C7
:102030000164FFE70298022180F8251002980068E9
:1020400000680190019847F6F0718843019002986A
:10205000D0F808C0C2680369416942EA0C021A4319
:10206000114382691143C2691143006A084301990F
:102070000843019001980299096808600298FFF7E7
:10208000DBFC02988068B0F5804F04D1FFE702982E
:1020900000214160FFE702984168806C01F07F01F8
:1020A00001600298C16C006D48600298406888B178
:1020B000FFE70298406804280CD8FFE70298FFF772
:1020C00003FD0298406D002101600298816DC06D92
:1020D000486007E0029800214165029881650298F6
:1020E000C165FFE702980021C1630298012280F8D0
:1020F0002520029880F824108DF80F10FFE79DF836
:102100000F0004B080BD000080B586B0049003913C
:102110000292019300208DF80300FFE7049890F8E5
:102120002400012804D1FFE702208DF8170065E0A4
:102130000498012180F82410FFE7FFE7049890F845
:10214000250001284BD1FFE70498022180F82510D3
:1021500004980021C16304980068016821F001011E
:10216000016004980399029A019BFFF7CFFC049841
:10217000006B38B1FFE704980068016841F00E0178
:1021800001600CE004980068016821F0040101601E
:1021900004980068016841F00A010160FFE70498B3
:1021A000806C0068C003002807D5FFE70498806CA6
:1021B000016841F480710160FFE70498406D38B117
:1021C000FFE70498406D016841F480710160FFE70A
:1021D00004980068016841F00101016009E0FFE72F
:1021E0000498002180F82410FFE702208DF80300F6
:1021F000FFE79DF803008DF81700FFE79DF8170033
:1022000006B080BD80B541F23800C4F202004FF044
:10221000FF3101600022026041F24000C4F202007E
:102220000160026041F22800C4F202000160026015
:1022300041F22C00C4F202000160026041F2300061
:10224000C4F2020001600260AFF3008080BD0000B4
:1022500080B584B00A20039001F024F9029003981D
:1022600001900198013020B1FFE701980130019001
:10227000FFE7FFE701F016F90299401A0199884239
:1022800001D2FFE7F6E704B080BD000086B00490FD
:1022900003910292049890F85C008DF80700BDF855
:1022A0000C0010F4C07F01D0FFE7FFE79DF80700A6
:1022B000012806D0FFE79DF80700022840F0DE80E5
:1022C000FFE704980068806D00909DF80C004007BF
:1022D00030B1FFE79DF80000C007002847D0FFE7B6
:1022E0009DF80C0010F0380F06D0FFE79DF80000B5
:1022F000800700283BD5FFE7BDF80C0010F4E07F15
:1023000006D0FFE79DF80000400700282FD5FFE723
:102310009DF80D0010F01E0F06D0FFE79DF800009D
:102320000007002823D5FFE79DF80D0010F0E00F0F
:1023300006D0FFE79DF80000C006002817D5FFE78C
:102340009DF80E00800730B1FFE79DF80000800681
:1023500000280CD5FFE79DF80E0010F0FC0F0DD003
:10236000FFE79DF800004006002807D4FFE7049827
:102370000068C16D41F00101C165FFE79DF80C00E7
:10238000400730B1FFE79DF80000C007002847D1A3
:10239000FFE79DF80C0010F0380F06D0FFE79DF81E
:1023A0000000800700283BD4FFE7BDF80C0010F4C4
:1023B000E07F06D0FFE79DF80000400700282FD4FB
:1023C000FFE79DF80D0010F01E0F06D0FFE79DF807
:1023D00000000007002823D4FFE79DF80D0010F04F
:1023E000E00F06D0FFE79DF80000C006002817D4D4
:1023F000FFE79DF80E00800730B1FFE79DF8000071
:10240000800600280CD4FFE79DF80E0010F0FC0FAA
:102410000DD0FFE79DF800004006002807D5FFE734
:1024200004980068C16D41F00201C165FFE79DF8A5
:102430000C000006002809D5FFE7029804990968F6
:10244000D1F8DC201043C1F8DC00FFE79DF80D0057
:10245000C00748B1FFE7029804990968D1F8E02065
:102460001043C1F8E000FFE70398049909684A6D3A
:102470001043486500208DF8170008E00498016EAD
:1024800041F00201016601208DF81700FFE79DF879
:10249000170006B07047000087B0059004910598BA
:1024A00090F85C008DF803009DF80300012805D02A
:1024B000FFE79DF8030002283CD1FFE7049800687D
:1024C000B8B9FFE704988168C26803694069890761
:1024D00041EAC26141EA0341084303900598006C58
:1024E0000499496800EB8100019003980199086004
:1024F0001CE00498C168006940EA417003900498A8
:102500008168406940EA817002900598406C0499A6
:10251000496800EBC1000190039801990860019897
:1025200004300190029801990860FFE700208DF8BF
:102530001B0008E00598016E41F0020101660120D0
:102540008DF81B00FFE79DF81B0007B070470000E7
:1025500081B0009001B0704782B00190009102B04C
:10256000704700008AB00890079140F2B410C2F2A0
:102570000000069040F27410C2F200000590089826
:1025800090F85C008DF803009DF80300022840F0ED
:10259000FA80FFE7079840283ED1FFE708980068D7
:1025A000D0F89000000748B9FFE70898016E41F4A1
:1025B0008071016601208DF82700EDE00898006821
:1025C000D0F89000C0F30120019008980068D0F87E
:1025D000900000F080700121B1EB106F12D1FFE785
:1025E00008980068D0F8800000F400700121B1EB79
:1025F000502F06D1FFE70198013000F00300019051
:10260000FFE7FFE70898806C019901EBC10100EB3F
:10261000C1000490FFE73DE008980068D0F89800FA
:10262000000748B9FFE70898016E41F48071016620
:1026300001208DF82700AFE008980068D0F89800D6
:10264000C0F30120019008980068D0F8980000F0CD
:1026500080700121B1EB106F12D1FFE7089800687C
:10266000D0F8800000F480700121B1EB102F06D16A
:10267000FFE70198013000F003000190FFE7FFE75A
:102680000898C06C019901EBC10100EBC1000490F6
:10269000FFE7FFE70498006800F080400699486073
:1026A0000698406838B9FFE704980068C0F38A408C
:1026B0000699086006E00498006820F060400699DA
:1026C0000860FFE70498006800F0005006998860F1
:1026D0000498006800F000400699086104980430EE
:1026E0000490049800880699C86104980068C0F3B3
:1026F00003400699C8600498006800F480100699A9
:1027000048610498006800F40010069988610498F4
:102710000068C0F306600699086204980068C00F5C
:1027200006994862049804300490049803900020AD
:102730000290FFE702980699C9684BF6A842C0F6D6
:102740000002515C88420AD2FFE703980299405C7C
:10275000059A5054FFE7029801300290EAE7079883
:10276000402806D1FFE7019808990968C1F894004C
:1027700005E0019808990968C1F89C00FFE700206E
:102780008DF8270008E00898016E41F00801016605
:1027900001208DF82700FFE79DF827000AB0704759
:1027A00081B0009001B0704780B58AB00990099857
:1027B0000068006D00F4E050089009980068406DD2
:1027C00008990840089009980068006D00F007001B
:1027D000079009980068406D07990840079009988C
:1027E0000068006D00F03800069009980068406DA0
:1027F00006990840069009980068006D00F4710081
:10280000059009980068406D059908400590099861
:102810000068006D00F46020049009980068406D25
:1028200004990840049009980068406D0190099847
:102830000068006D00909DF8000000F0400000214D
:10284000B1EB901F12D0FFE79DF8040000F04000AC
:102850000021B1EB901F08D0FFE7099800684021E4
:1028600001650998FFF79CFFFFE7FFE79DF801006E
:10287000C007E0B1FFE79DF80500C007B0B1FFE772
:1028800009980068D0F8D800029009980068D0F83C
:10289000E000029908400290099800684FF48071A6
:1028A00001650998029900F0EBFBFFE7FFE7089844
:1028B00048B1FFE7089809990968086509980899D7
:1028C00000F0EAFBFFE7079848B1FFE7079809998E
:1028D000096808650998079900F05AFBFFE7069810
:1028E00048B1FFE7069809990968086509980699AB
:1028F00000F072FBFFE79DF8010000F002000021EC
:10290000B1EB500F13D0FFE79DF8050000F0020077
:102910000021B1EB500F09D0FFE7099800684FF490
:1029200000710165099800F0BDFBFFE7FFE79DF826
:1029300000000021B1EBD01F1DD0FFE79DF804007F
:102940000021B1EBD01F15D0FFE709980068D0F83F
:10295000D400039009980068D0F8DC00039908407F
:10296000039009980068802101650998039900F097
:102970008DFBFFE7FFE79DF8010000F0200000213C
:10298000B1EB501F13D0FFE79DF8050000F02000C9
:102990000021B1EB501F09D0FFE7099800684FF400
:1029A00000510165099800F067FBFFE7FFE79DF81C
:1029B00001000021B1EBD01F11D0FFE79DF8050009
:1029C0000021B1EBD01F09D0FFE7099800684FF450
:1029D00000410165099800F04BFBFFE7FFE79DF818
:1029E000010000F040000021B1EB901F15D0FFE77F
:1029F0009DF8050000F040000021B1EB901F0BD0C6
:102A0000FFE7099800684FF4804101650998016E5D
:102A100041F080010166FFE7FFE7049848B1FFE756
:102A2000049809990968086509980499FFF794FDC5
:102A3000FFE7059850B1FFE705980999096808650F
:102A4000059809990A6E10430866FFE70998006E19
:102A500020B1FFE70998FFF77BFDFFE70AB080BDD3
:102A600080B584B00290029820B9FFE701208DF86C
:102A70000F0058E10298006846F20041C4F20001DC
:102A8000884201D1FFE7FFE702988068B0F5407FF8
:102A900001D1FFE7FFE7029890F85C0040B9FFE73B
:102AA0000298002180F85D10029800F041F9FFE7DC
:102AB00002980068816921F01001816100F0F2FC48
:102AC0000190FFE70298006880690007002815D58B
:102AD000FFE700F0E7FC0199401A0B280DD3FFE750
:102AE0000298016E41F0010101660298032180F80D
:102AF0005C1001208DF80F0015E1E3E702980068F3
:102B0000816941F00101816100F0CCFC0190FFE797
:102B1000029800688069C007A8B9FFE700F0C2FC0E
:102B20000199401A0B280DD3FFE70298016E41F07E
:102B3000010101660298032180F85C1001208DF8E4
:102B40000F00F0E0E4E702980068816941F00201BB
:102B500081610298006846F20041C4F20001884297
:102B600008D1FFE70298406846F20051C4F2000124
:102B70000860FFE70298007C012807D1FFE7029870
:102B80000068816921F04001816106E002980068D7
:102B9000816941F040018161FFE70298407C012892
:102BA00007D1FFE702980068816941F480418161A3
:102BB00006E002980068816921F480418161FFE7A5
:102BC0000298807C012807D1FFE70298006881699C
:102BD00021F48051816106E002980068816941F426
:102BE00080518161FFE702980068806920F440709D
:102BF00002990A68896808439061029800688169AF
:102C000021F0A401816102980068016921F010019E
:102C100001610298C068012807D1FFE702980068A7
:102C2000816941F0040181612BE00298C06830B3F2
:102C3000FFE70298C068022819D0FFE702980068F1
:102C4000816941F08001816102980068016941F069
:102C5000100101610298C068032807D1FFE70298BC
:102C60000068816941F020018161FFE706E0029878
:102C70000068816941F020018161FFE700E0FFE722
:102C8000FFE70298D0F800C0D0F814E08369C1696A
:102C9000013B6FF0FF0202EB012141EA4361006A50
:102CA000013808430021CFF6FF7101EB0E410843C4
:102CB000CCF81C0002988068B0F5407F1CD1FFE77B
:102CC0000298D0F800C0D0F824E0836AC16A013BC2
:102CD0006FF0FF0202EB01211943006B6FF00F024E
:102CE00002EB001008430021CFF6FF7101EB0E410B
:102CF0000843CCF80C00FFE702980168C06BD1F8DC
:102D0000C0201043C1F8C0000298FEF771FF02987E
:102D100000218165029801660298012280F85C20FA
:102D20008DF80F10FFE79DF80F0004B080BD000084
:102D300080B5A2B02190002020901F901E901D9081
:102D40001C9007A85421FEF7E0FB2198006846F28A
:102D50000041C4F20001884257D1FFE74FF4805090
:102D600007904FF00070159007A800F023FD18B1F0
:102D7000FFE7FEF705FFFFE740F2B800C2F20000F0
:102D80000168013101600068012810D1FFE7FFE709
:102D900041F25800C4F20200016841F00071016084
:102DA000006800F0007006900698FFE7FFE7FFE775
:102DB00041F24C00C4F20200016841F008010160D8
:102DC000006800F0080005900598FFE703201C90BC
:102DD00002201D9000201E901F900920209040F698
:102DE0000040C4F600001CA900F060F91520002185
:102DF00000F0E0FB152000F0D3FB1620002100F0CE
:102E0000D9FB162000F0CCFBC0E02198006846F604
:102E10000001C4F20001884257D1FFE74FF480500F
:102E200007904FF00070159007A800F0C3FC18B190
:102E3000FFE7FEF7A5FEFFE740F2B800C2F2000090
:102E40000168013101600068012810D1FFE7FFE748
:102E500041F25800C4F20200016841F000710160C3
:102E6000006800F0007004900498FFE7FFE7FFE7B8
:102E700041F24C00C4F20200016841F0020101601D
:102E8000006800F0020003900398FFE760201C90A8
:102E900002201D9000201E901F900920209040F2DB
:102EA0000040C4F600001CA900F000F956200521DE
:102EB00000F080FB562000F073FB5720052100F046
:102EC00079FB572000F06CFB5FE02198006846F624
:102ED0000041C4F20001884256D1FFE74FF4805010
:102EE00007904FF00070159007A800F063FC18B130
:102EF000FFE7FEF745FEFFE740F2B800C2F2000030
:102F00000168013101600068012810D1FFE7FFE787
:102F100041F25800C4F20200016841F00071016002
:102F2000006800F0007002900298FFE7FFE7FFE7FB
:102F300041F24C00C4F20200016841F0010101605D
:102F4000006800F0010001900198FFE74FF4014094
:102F50001C9002201D9000201E901F900B2020909E
:102F60001CA94FF0904000F0A1F85820052100F076
:102F700021FB582000F014FB5920052100F01AFB1A
:102F8000592000F00DFBFFE7FFE7FFE722B080BD0F
:102F900080B582B0019000919DF80000C00708B98B
:102FA000FFE717E040F2DC10C2F20000006808B949
:102FB000FFE70FE0019840F67421C2F200010860BB
:102FC0004020486040F2DC10C2F20000006807F0C8
:102FD00039FBFFE702B080BD80B582B0019000915F
:102FE0009DF800000007002801D4FFE717E040F239
:102FF000DC10C2F20000006808B9FFE70FE001989A
:1030000040F67421C2F2000108604120486040F29D
:10301000DC10C2F20000006807F014FBFFE702B00A
:1030200080BD000082B00090009890F85C000128FC
:1030300010D1FFE70098022180F85C10009800682A
:10304000816921F0010181610098002101668DF8FC
:10305000071008E00098016E41F0040101660120AC
:103060008DF80700FFE79DF8070002B070470000E9
:1030700081B0009001B0704781B0009001B07047FE
:1030800082B00190009102B07047000082B00190C0
:10309000009102B07047000082B00190009102B030
:1030A0007047000081B0009001B0704786B0059075
:1030B000049100200390FFE7049800680399C8403A
:1030C000002800F0A781FFE7049800680399012217
:1030D00002FA01F1084002900298002800F096815F
:1030E000FFE70498406800F00300012807D0FFE7DD
:1030F0000498406800F0030002282FD1FFE70598EC
:103100008068019003984000032101FA00F00199C2
:1031100021EA000001900498C068039949008840A2
:1031200001990843019001980599886005984068C5
:1031300001900398012101FA00F0019921EA0000B1
:10314000019004984068C0F30010039988400199E9
:1031500008430190019805994860FFE7049840688A
:1031600000F0030003280CD1FFE70498406800F04A
:10317000030003281DD1FFE704988068012818D0B8
:10318000FFE70598C068019003984000032101FA09
:1031900000F0019921EA00000190049880680399E9
:1031A0004900884001990843019001980599C86039
:1031B000FFE70498406800F00300022826D1FFE7EB
:1031C000059803996FF0030202EA51010844006A6E
:1031D0000190039800F0070080000F2101FA00F031
:1031E000019921EA0000019004980069039901F017
:1031F00007018900884001990843019001980599C9
:10320000039B02EA530211440862FFE70598006835
:10321000019003984000032101FA00F0019921EA8E
:10322000000001900498406800F0030003994900F1
:103230008840019908430190019805990860049815
:1032400080798007002800F0E080FFE7FFE741F287
:103250006000C4F20200016841F0010101600068F1
:1032600000F0010000900098FFE7039820F00300B1
:103270000821C4F2010140580190039800F00300B6
:1032800080000F2101FA00F0019921EA000001906D
:103290000598B0F1904F02D1FFE7002035E0059886
:1032A00040F20041C4F60001884202D1FFE701204C
:1032B0002AE0059840F60001C4F60001884202D1D8
:1032C000FFE702201FE0059840F60041C4F6000128
:1032D000884202D1FFE7032014E0059841F2000183
:1032E000C4F60001884202D1FFE7042009E00599F5
:1032F00041F20042C4F600020620914208BF0520B8
:10330000FFE7FFE7FFE7FFE7FFE7039901F00301AE
:10331000890088400199084301900198039921F0A0
:1033200003010822C4F20102885040F20840C4F2AE
:103330000100006801900298019921EA00000190C3
:1033400004988079C006002805D5FFE70298019906
:1033500008430190FFE7019840F20841C4F20101DF
:10336000086040F20C40C4F201000068019002982D
:10337000019921EA000001900498807980060028D4
:1033800005D5FFE70298019908430190FFE70198EE
:1033900040F20C41C4F20101086040F20440C4F262
:1033A0000100006801900298019921EA0000019053
:1033B000049880798007002805D5FFE702980199D5
:1033C00008430190FFE7019840F20441C4F2010173
:1033D000086040F20040C4F20100006801900298C9
:1033E000019921EA0000019004988079C00728B172
:1033F000FFE70298019908430190FFE7019840F226
:103400000041C4F201010860FFE7FFE703980130C3
:10341000039051E606B0704782B00190ADF80210FB
:1034200001980069BDF80210084204D0FFE70120AE
:103430008DF8010003E000208DF80100FFE79DF802
:10344000010002B07047000083B040F20041C4F6B2
:1034500000010291ADF806000298406900900098C2
:10346000BDF8061000EA010221EA000040EA02402D
:103470000299886103B0704782B00190ADF80210E4
:103480008DF801209DF8010028B1FFE7BDF802008A
:103490000199886104E0BDF8020001998862FFE7A4
:1034A00002B0704742F6B430C2F2000000687047C4
:1034B00042F6B430C2F20000016801310160704789
:1034C00080B582B000208DF8070000F08BF80F2047
:1034D00000F00CF820B1FFE701208DF8070002E0B2
:1034E00000F03AF8FFE702B080BD000080B582B07E
:1034F000019000208DF80300FFE740F20000C2F2C7
:103500000000006844F6D351C1F26201A0FB010142
:10351000880901F015FAA8B9FFE701980F280CD81F
:10352000FFE701994FF0FF3000F044F8019840F2B6
:103530004C01C2F20001086003E001208DF8030095
:10354000FFE703E001208DF80300FFE7FFE79DF8A8
:10355000030002B080BD000080B582B0FFE741F2F9
:103560006000C4F20200016841F0010101600068DE
:1035700000F0010001900198FFE7FFE741F25800D9
:10358000C4F20200016841F080510160006800F05F
:10359000805000900098FFE700F002F902B080BD73
:1035A00080B582B08DF807009DF9070004F02EF871
:1035B00002B080BD10B584B08DF80F0002910020DC
:1035C000019004F03DF800909DF90F400098029999
:1035D000019A02F03FFF0146204604F039F804B09A
:1035E00010BD000080B582B003200190019804F066
:1035F00051F802B080BD000083B000200190019816
:1036000000285BD1FFE747F20000C4F20000006829
:1036100000F4C060B0F5806F46D1FFE747F280004C
:10362000C4F20000016821F48071016047F20000DB
:10363000C4F200000168012262F34A21016040F2F5
:103640000000C2F200000068322148434DF6836159
:10365000C4F21B31A0FB010102EB91400090FFE797
:1036600047F21400C4F20000016800204905002957
:1036700005D5FFE70098002818BF0120FFE7C00725
:1036800020B1FFE7009801380090E9E747F2140005
:10369000C4F2000000684005002804D5FFE70320BD
:1036A0008DF80B0079E008E047F28000C4F20000DA
:1036B000016821F480710160FFE76AE00198B0F5CC
:1036C000007F5BD1FFE747F20000C4F20000006812
:1036D00000F4C060B0F5806F46D1FFE747F280008C
:1036E000C4F20000016841F48071016047F20000FB
:1036F000C4F200000168012262F34A21016040F235
:103700000000C2F200000068322148434DF6836198
:10371000C4F21B31A0FB010102EB91400090FFE7D6
:1037200047F21400C4F20000016800204905002996
:1037300005D5FFE70098002818BF0120FFE7C00764
:1037400020B1FFE7009801380090E9E747F2140044
:10375000C4F2000000684005002804D5FFE70320FC
:103760008DF80B0019E008E047F28000C4F2000079
:10377000016841F480710160FFE709E047F2000051
:10378000C4F200000168022262F34A210160FFE7EF
:10379000FFE700208DF80B00FFE703B07047000043
:1037A00047F20800C4F20000016841F48041016062
:1037B0007047000080B586B0059000208DF80B00A2
:1037C0008DF80A00059880780007002840F1B7803E
:1037D000FFE700208DF8090041F25800C4F2020012
:1037E0000068C000002813D4FFE7FFE741F258004B
:1037F000C4F20200016841F080510160006800F0ED
:10380000805001900198FFE701208DF80900FFE743
:1038100047F20000C4F20000016841F480710160C9
:10382000FFF740FE0390FFE747F20000C4F20000FC
:103830000068C00500280CD4FFE7FFF733FE0399AA
:10384000401A032804D3FFE703208DF80B0001E0A2
:10385000EAE7FFE79DF80B0000285CD1FFE741F2A3
:103860009000C4F20200006800F4407004900498D4
:10387000C8B1FFE704980599096D884213D0FFE7A6
:1038800041F29000C4F20200016821F440710491F9
:10389000016841F480310160016821F480310160E8
:1038A00004990160FFE79DF81000C007E8B1FFE749
:1038B000FFF7F8FD0390FFE741F29000C4F2020029
:1038C0000068800700280ED4FFE7FFF7EBFD03999F
:1038D000401A41F28931884204D3FFE703208DF872
:1038E0000B0001E0E8E7FFE7FFE79DF80B0060B998
:1038F000FFE741F29000C4F20200016821F4407138
:10390000059A126D1143016004E09DF80B008DF8DB
:103910000A00FFE704E09DF80B008DF80A00FFE7BE
:103920009DF80900012809D1FFE741F25800C4F2CF
:103930000200016821F080510160FFE7FFE7059870
:103940000078C00760B1FFE741F28800C4F20200CE
:10395000016821F00301059A526811430160FFE7F5
:1039600005980078800700280CD5FFE741F2880011
:10397000C4F20200016821F00C01059A926811431B
:103980000160FFE705980078400700280CD5FFE7A5
:1039900041F28800C4F20200016821F03001059A6A
:1039A000D26811430160FFE70598007800070028FE
:1039B0000CD5FFE741F28800C4F20200016821F053
:1039C000C001059A126911430160FFE7059800786C
:1039D000C00600280CD5FFE741F28800C4F20200BF
:1039E000016821F44071059A526911430160FFE7B3
:1039F00005980078800600280CD5FFE741F2880082
:103A0000C4F20200016821F44061059A92691143F1
:103A10000160FFE705980078400600280CD5FFE715
:103A200041F28800C4F20200016821F44051059A75
:103A3000D26911430160FFE705980078000600286D
:103A40000CD5FFE741F28800C4F20200016821F4BE
:103A50004041059A126A11430160FFE705984078DA
:103A6000C00760B1FFE741F28800C4F202000168BC
:103A700021F44031059A526A11430160FFE705982D
:103A80008078800700280CD5FFE741F29C00C4F243
:103A90000200016821F00301059A926A1143016056
:103AA000FFE705984078800700280CD5FFE741F232
:103AB0008800C4F20200016821F44021059AD26A0C
:103AC00011430160FFE705984078400700281BD5A7
:103AD000FFE741F28800C4F20200016821F44011BE
:103AE000059A126B114301600598006BB0F5801FB9
:103AF00009D1FFE741F20C00C4F20200016841F471
:103B000080110160FFE7FFE7059840780007002873
:103B10001BD5FFE741F28800C4F20200016821F4DE
:103B20004001059A526B114301600598406BB0F556
:103B3000800F09D1FFE741F20C00C4F202000168D6
:103B400041F480110160FFE7FFE705984078C00667
:103B500000281BD5FFE741F28800C4F2020001688B
:103B600021F04071059A926B114301600598806BBA
:103B7000B0F1807F09D1FFE741F20C00C4F20200EE
:103B8000016841F480110160FFE7FFE70598407884
:103B9000800600281BD5FFE741F28800C4F202002E
:103BA000016821F04061059AD26B114301600598CC
:103BB000C06BB0F1006F09D1FFE741F20C00C4F215
:103BC0000200016841F480110160FFE7FFE70598FA
:103BD0004078400600281BD5FFE741F28800C4F278
:103BE0000200016821F04061059A126C11430160E6
:103BF0000598006CB0F1006F09D1FFE741F20C00AD
:103C0000C4F20200016841F480110160FFE7FFE7A0
:103C100005984078000600281BD5FFE741F2880090
:103C2000C4F20200016821F04051059A526C114320
:103C300001600598406CB0F1805F09D1FFE741F267
:103C40000C00C4F20200016841F480310160FFE71A
:103C5000FFE705988078C007D8B1FFE741F28800F8
:103C6000C4F20200016821F04041059A926C1143B0
:103C700001600598806CB0F1804F09D1FFE741F2F7
:103C80000C00C4F20200016841F480310160FFE7DA
:103C9000FFE705988078400700281BD5FFE741F231
:103CA0009C00C4F20200016821F44011059AD26C14
:103CB000114301600598C06CB0F5001F09D1FFE702
:103CC00041F20C00C4F20200016841F4801101606D
:103CD000FFE7FFE79DF80A0006B080BD80B586B01B
:103CE00004900420039000200090049820B9FFE77E
:103CF00001208DF8170081E1039842F20001C4F21F
:103D00000201096801F00F01884216D9FFE742F26B
:103D10000000C4F20200016821F00F01039A114370
:103D20000160006800F00F000399884204D0FFE7AB
:103D300001208DF8170061E1FFE704980078C007C3
:103D4000002800F0A380FFE704984068032839D1D9
:103D5000FFE741F20000C4F2020000688001002881
:103D600004D4FFE701208DF8170047E102F0DAFBE9
:103D7000019001984BF20141C0F2C441884220D326
:103D8000FFE741F20800C4F20200006810F0F00FF3
:103D90000AD0FFE7049800788007002810D5FFE7D5
:103DA0000498806860B9FFE741F20800C4F202009D
:103DB0000168082262F30711016080200090FFE78C
:103DC000FFE738E00498406802280ED1FFE741F28F
:103DD0000000C4F2020000688003002804D4FFE75A
:103DE00001208DF8170009E10DE041F20000C4F256
:103DF000020000684005002804D4FFE701208DF888
:103E00001700FBE0FFE700F02BF9019001984BF25F
:103E10000141C0F2C44188420CD3FFE741F20800DF
:103E2000C4F202000168082262F3071101608020D9
:103E30000090FFE7FFE741F20800C4F202000168CA
:103E400021F00301049A526811430160FFF72AFB35
:103E50000290FFE741F20800C4F20200006800F09F
:103E60000C0004994968B0EB810F0ED0FFE7FFF713
:103E700019FB0299401A41F28931884204D3FFE7C5
:103E800003208DF81700B9E0E4E7FFE70498007815
:103E9000800700282CD5FFE7049800784007002809
:103EA00009D5FFE741F20800C4F20200016841F4BD
:103EB000E0610160FFE704980078000700280BD557
:103EC000FFE741F20800C4F20200016841F4E0613A
:103ED00021F460510160FFE741F20800C4F20200E2
:103EE000016821F0F001049A9268114301600DE02D
:103EF0000098802809D1FFE741F20800C4F20200CF
:103F0000016821F0F0010160FFE7FFE7039842F24A
:103F10000001C4F20201096801F00F01884228D2B1
:103F2000FFE742F20000C4F20200016821F00F0135
:103F3000039A11430160FFF7B5FA0290FFE742F2DE
:103F40000000C4F20200006800F00F0003998842EC
:103F50000ED0FFE7FFF7A6FA0299401A41F2893125
:103F6000884204D3FFE703208DF8170046E0E6E718
:103F7000FFE704980078400700280CD5FFE741F2DE
:103F80000800C4F20200016821F4E061049AD268DA
:103F900011430160FFE704980078000700280DD561
:103FA000FFE741F20800C4F20200016821F4605109
:103FB000049A126941EAC2010160FFE700F050F87B
:103FC00041F20801C4F202010968C9B209094BF6BD
:103FD000B842C0F60002515C01F01F01C84040F237
:103FE0000001C2F20001086040F24C00C2F2000081
:103FF0000068FFF77BFA8DF81700FFE79DF81700C0
:1040000006B080BD40F20000C2F2000000687047B8
:1040100080B5FFF7F7FF41F20801C4F20201096819
:10402000C1F302214BF6C842C0F60002515C01F018
:104030001F01C84080BD000080B5FFF7E3FF41F2DB
:104040000801C4F202010968C1F3C2214BF6C8425B
:10405000C0F60002515C01F01F01C84080BD0000A5
:1040600085B041F20800C4F20200006800F00C00C4
:10407000042806D1FFE742F20040C0F2F4000090AD
:1040800067E041F20800C4F20200006800F00C0092
:10409000082806D1FFE747F64000C0F27D100090E7
:1040A00056E041F20800C4F20200006800F00C0083
:1040B0000C2849D1FFE741F20C00C4F2020001686C
:1040C00001F0030103910068C0B2012101EB10105F
:1040D00001900398022814D0FFE7032812D1FFE7CC
:1040E000019847F64001C0F27D11B1FBF0F041F2BA
:1040F0000C01C4F202010968C1F30621484304908F
:1041000011E0FFE7019842F20041C0F2F401B1FB77
:10411000F0F041F20C01C4F202010968C1F306217A
:1041200048430490FFE741F20C00C4F2020000682B
:1041300000F0C060022101EB106002900498029927
:10414000B0FBF1F0009002E000200090FFE7FFE7F5
:10415000FFE7009805B07047B0B588B006900698A4
:1041600020B9FFE701208DF81F00C8E3069800780A
:10417000C007002800F09B80FFE741F20800C4F26E
:104180000200006800F00C00049041F20C00C4F240
:104190000200006800F00300039004980C2804D18A
:1041A000FFE70398032804D0FFE70498082812D1FA
:1041B000FFE741F20000C4F202000068800300281B
:1041C00008D5FFE70698406820B9FFE701208DF881
:1041D0001F0094E36AE0FFE706984068B0F5803F6F
:1041E00009D1FFE741F20000C4F20200016841F486
:1041F0008031016020E006984068B0F5A02F0DD115
:10420000FFE741F20000C4F20200016841F480219E
:104210000160016841F4803101600CE041F200006E
:10422000C4F20200016821F480310160016821F4C8
:1042300080210160FFE7FFE7FFE706984068D0B103
:10424000FFE7FFF72FF90590FFE741F20000C4F206
:1042500002000068800300280CD4FFE7FFF722F972
:104260000599401A652804D3FFE703208DF81F0045
:1042700045E3EAE719E0FFF715F90590FFE741F29A
:104280000000C4F202000068800300280CD5FFE79C
:10429000FFF708F90599401A652804D3FFE70320C2
:1042A0008DF81F002BE3EAE7FFE7FFE7FFE706983B
:1042B00000788007002840F19F80FFE741F2080066
:1042C000C4F20200006800F00C00049041F20C00FF
:1042D000C4F20200006800F00300039004980C2868
:1042E00004D1FFE70398022804D0FFE704980428CC
:1042F0002CD1FFE741F20000C4F202000068400543
:10430000002808D5FFE70698C06820B9FFE701201C
:104310008DF81F00F3E241F20400C4F202000168CC
:1043200021F0FE41069A126941EA0261016040F201
:104330004C00C2F200000068FFF7D8F820B1FFE798
:1043400001208DF81F00DAE2FFE754E00698C0680C
:1043500070B3FFE741F20000C4F20200016841F4CB
:1043600080710160FFF79EF80590FFE741F20000C1
:10437000C4F202000068400500280CD4FFE7FFF7F4
:1043800091F80599401A032804D3FFE703208DF81C
:104390001F00B4E2EAE741F20400C4F2020001683F
:1043A00021F0FE41069A126941EA0261016021E0B2
:1043B00041F20000C4F20200016821F48071016042
:1043C000FFF770F80590FFE741F20000C4F2020029
:1043D0000068400500280CD5FFE7FFF763F8059952
:1043E000401A032804D3FFE703208DF81F0086E25C
:1043F000EAE7FFE7FFE7FFE70698007800070028F5
:1044000049D5FFE70698406910B3FFE741F29400F1
:10441000C4F20200016841F001010160FFF742F8B7
:104420000590FFE741F29400C4F2020000688007A3
:1044300000280CD4FFE7FFF735F80599401A032848
:1044400004D3FFE703208DF81F0058E2EAE721E0DC
:1044500041F29400C4F20200016821F00101016000
:10446000FFF720F80590FFE741F29400C4F2020044
:104470000068800700280CD5FFE7FFF713F80599BF
:10448000401A032804D3FFE703208DF81F0036E20B
:10449000EAE7FFE7FFE7069800784007002840F1C9
:1044A000C680FFE700208DF80B0041F25800C4F2EF
:1044B00002000068C000002813D4FFE7FFE741F2C4
:1044C0005800C4F20200016841F0805101600068A8
:1044D00000F0805001900198FFE701208DF80B005B
:1044E000FFE747F20000C4F200000068C0050028A2
:1044F00022D4FFE747F20000C4F20000016841F453
:1045000080710160FEF7CEFF0590FFE747F20000E3
:10451000C4F200000068C00500280CD4FFE7FEF7D5
:10452000C1FF0599401A032804D3FFE703208DF843
:104530001F00E4E1EAE7FFE7FFE70698806801284B
:1045400009D1FFE741F29000C4F20200016841F096
:10455000010101601FE00698806805280DD1FFE782
:1045600041F29000C4F20200016841F004010160D0
:10457000016841F0010101600CE041F29000C4F2D9
:104580000200016821F001010160016821F00401CD
:104590000160FFE7FFE7FFE706988068E0B1FFE70B
:1045A000FEF780FF0590FFE741F29000C4F20200A1
:1045B0000068800700280ED4FFE7FEF773FF059917
:1045C000401A41F28931884204D3FFE703208DF875
:1045D0001F0094E1E8E71BE0FEF764FF0590FFE7AA
:1045E00041F29000C4F202000068800700280ED556
:1045F000FFE7FEF757FF0599401A41F289318842DB
:1046000004D3FFE703208DF81F0078E1E8E7FFE718
:104610009DF80B00012809D1FFE741F25800C4F2D0
:104620000200016821F080510160FFE7FFE7069872
:1046300000788006002849D5FFE70698806910B306
:10464000FFE741F29800C4F20200016841F0010165
:104650000160FEF727FF0590FFE741F29800C4F2E2
:1046600002000068800700280CD4FFE7FEF71AFF5D
:104670000599401A032804D3FFE703208DF81F0093
:104680003DE1EAE721E041F29800C4F2020001684E
:1046900021F001010160FEF705FF0590FFE741F2FF
:1046A0009800C4F202000068800700280CD5FFE7DC
:1046B000FEF7F8FE0599401A032804D3FFE703200C
:1046C0008DF81F001BE1EAE7FFE7FFE70698C069E6
:1046D000002800F01081FFE741F20800C4F2020058
:1046E000006800F00C000C2800F0AC80FFE7069892
:1046F000C069022878D1FFE741F20000C4F202004D
:10470000016821F080710160FEF7CCFE0590FFE7A3
:1047100041F20000C4F202000068800100280CD5BC
:10472000FFE7FEF7BFFE0599401A032804D3FFE711
:1047300003208DF81F00E2E0EAE741F20C0EC4F21C
:10474000020EDEF8001048F20C02C0F29F1201EADD
:10475000020C069A136A516A906AD46A6FF00F05C8
:1047600005EB0111194341EA0020116B0023CFF63C
:10477000E07303EA0151A1F500110843516B4FF0BA
:104780007E4202EA016101F17E41084340EAC460D1
:1047900040EA0C00CEF8000041F20000C4F2020032
:1047A000016841F080710160DEF8000040F0807027
:1047B000CEF80000FEF776FE0590FFE741F200001C
:1047C000C4F202000068800100280CD4FFE7FEF765
:1047D00069FE0599401A032804D3FFE703208DF8EA
:1047E0001F008CE0EAE72CE041F20000C4F2020076
:1047F000016821F080710160FEF754FE0590FFE72B
:1048000041F20000C4F202000068800100280CD5CB
:10481000FFE7FEF747FE0599401A032804D3FFE798
:1048200003208DF81F006AE0EAE741F20C00C4F2B1
:10483000020001684FF6FC72CFF6EE621140016093
:10484000FFE757E00698C069012804D1FFE701207F
:104850008DF81F0053E041F20C00C4F20200006822
:104860000390039800F003000699096A88423BD13F
:10487000FFE7039800F0F0000699496A6FF00F0215
:1048800002EB011188422FD1FFE7039800F4FE40AC
:104890000699896AB0EB012F26D1FFE7039800F053
:1048A00078400699C96AB0EBC16F1DD1FFE7039844
:1048B00000F4C0000699096B0022CFF6E07202EA0C
:1048C0000151A1F5001188420ED1FFE7039800F0D5
:1048D000C0600699496B4FF07E4202EA016101F126
:1048E0007E41884204D0FFE701208DF81F0006E0DA
:1048F000FFE7FFE7FFE700208DF81F00FFE79DF8C7
:104900001F0008B0B0BD000081B0042000900098E6
:10491000042809D1FFE74EF21000CEF20000016832
:1049200041F00401016008E04EF21000CEF20000F8
:10493000016821F004010160FFE701B07047000049
:1049400080B582B00190019801F04CFE02B080BDAC
:1049500083B00190FFE7019890F88400012804D10A
:10496000FFE702208DF80B002CE00198012180F870
:104970008410FFE7FFE701982421C0F88810019810
:1049800000680068009001980068016821F001014A
:104990000160009820F000500090019800214166CD
:1049A000009801990968086001982021C0F88810D2
:1049B000FFE70198002180F88410FFE700208DF8C0
:1049C0000B00FFE79DF80B0003B0704782B0019029
:1049D000ADF8021002B0704781B0009001B070478E
:1049E00080B584B0029000200190FFE7029890F813
:1049F0008400012804D1FFE702208DF80F0032E087
:104A00000298012180F88410FFE7FFE70298242133
:104A1000C0F888100298006800680090029800684A
:104A2000016821F00101016002980068806820F0AF
:104A3000606001990843029909688860029801F052
:104A400053FE009802990968086002982021C0F876
:104A50008810FFE70298002180F88410FFE700200B
:104A60008DF80F00FFE79DF80F0004B080BD000037
:104A700080B584B0029000200190FFE7029890F882
:104A80008400012804D1FFE702208DF80F0032E0F6
:104A90000298012180F88410FFE7FFE702982421A3
:104AA000C0F88810029800680068009002980068BA
:104AB000016821F00101016002980068806820F01F
:104AC000604001990843029909688860029801F0E2
:104AD0000BFE009802990968086002982021C0F82E
:104AE0008810FFE70298002180F88410FFE700207B
:104AF0008DF80F00FFE79DF80F0004B080BD0000A7
:104B000081B0009001B0704781B0009001B0704753
:104B100080B586B00490FFE7FFE70498006850E88E
:104B2000000F20F490700390FFE703980499096840
:104B300041E80002002AF0D1FFE7FFE7FFE7FFE7C7
:104B40000498006850E8020F4FF6FE71CEF6FF7130
:104B500008400290FFE702980499096841E80202C0
:104B6000002AEDD1FFE7FFE70498C06E012814D1B9
:104B7000FFE7FFE7FFE70498006850E8000F20F028
:104B800010000190FFE701980499096841E80002CC
:104B9000002AF0D1FFE7FFE7FFE70498006880688C
:104BA0004006002837D5FFE7FFE7FFE704980068D5
:104BB00050E8020F20F040000090FFE700980499B1
:104BC000096841E80202002AF0D1FFE7FFE70498F4
:104BD000D0F88000F0B1FFE70498D0F88000002101
:104BE00081630498D0F88000FDF76EF888B1FFE784
:104BF0000498D0F88000FDF725F9202808D1FFE7B8
:104C000004981021C0F8901003208DF8170016E0CA
:104C1000FFE7FFE7FFE7049800680F2101620498AF
:104C20000068816941F00801816104982021C0F881
:104C30008C1004980021C1668DF81710FFE706B0AC
:104C400080BD000080B584B00390039808B9FFE7E9
:104C500087E0039800F088F80290029808B9FFE70F
:104C60007FE09DF80800C00728B1FFE703980068BF
:104C700001210162FFE79DF808008007002805D5A3
:104C8000FFE70398006804210162FFE79DF8080030
:104C90004007002805D5FFE703980068022101625C
:104CA000FFE79DF808000007002805D5FFE70398F7
:104CB000006808210162FFE7FFE703980068816947
:104CC00041F00801816103980068816941F0100199
:104CD0008161FFE7039804F025FE0190019868B117
:104CE000FFE70398D0F8800040B1FFE701988068A3
:104CF00020B1FFE70198006908B9FFE731E00398A8
:104D0000FFF706FF01980021C1600198006840B1DB
:104D1000FFE7019800680021016001980068416088
:104D2000FFE700200090FFE70098022818D8FFE76F
:104D30000398019A9168128A00F05AFD58B9FFE76A
:104D4000039800681021016203980068016841F02F
:104D50001001016005E0FFE7009801300090E3E7F3
:104D6000FFE704B080BD000081B000900098D0F84B
:104D7000900001B07047000080B590B00F900F9880
:104D80000068C0690E900F98006800680D900F9839
:104D9000006880680C900E9840F60F0108400B9058
:104DA0000B98E0B9FFE79DF838008006002815D57C
:104DB000FFE79DF834008006002806D4FFE79DF841
:104DC0003300C006002809D5FFE70F98406F20B1D7
:104DD000FFE70F98416F8847FFE796E2FFE70B98E0
:104DE000002800F00C81FFE70C980121C1F20001BE
:104DF000084209D1FFE70D9840F22011C0F20041AE
:104E0000084200F0FC80FFE79DF83800C00788B139
:104E1000FFE79DF83500C00760B1FFE70F98006815
:104E2000012101620F98D0F8901041F00101C0F803
:104E30009010FFE79DF838008007002811D5FFE7A4
:104E40009DF83000C00760B1FFE70F9800680221AD
:104E500001620F98D0F8901041F00401C0F8901052
:104E6000FFE79DF838004007002811D5FFE79DF8BF
:104E70003000C00760B1FFE70F98006804210162AD
:104E80000F98D0F8901041F00201C0F89010FFE7A1
:104E90009DF838000007002819D5FFE79DF8340079
:104EA0008006002807D4FFE70C980121C1F2000119
:104EB00008420CD0FFE70F980068082101620F98A4
:104EC000D0F8901041F00801C0F89010FFE79DF86D
:104ED00039000007002813D5FFE79DF83700400789
:104EE00000280DD5FFE70F9800684FF400610162BC
:104EF0000F98D0F8901041F02001C0F89010FFE713
:104F00000F98D0F89000002878D0FFE79DF838007F
:104F10008006002815D5FFE79DF83400800600289C
:104F200006D4FFE79DF83300C006002809D5FFE747
:104F30000F98406F20B1FFE70F98416F8847FFE758
:104F4000FFE70F98D0F890000A900F9800688068EB
:104F500000F04000402806D0FFE79DF8280010F040
:104F6000280F42D0FFE70F9801F0A2FE0F980068CB
:104F700080684006002833D5FFE7FFE7FFE70F987A
:104F8000006850E8020F20F040000990FFE7099800
:104F90000F99096841E80202002AF0D1FFE7FFE714
:104FA0000F98D0F88000B0B1FFE70F98D0F88000DC
:104FB00046F6F511C0F6000181630F98D0F8800025
:104FC000FCF7DEFE30B1FFE70F98D0F88000816B70
:104FD0008847FFE703E00F98FFF734FEFFE703E0A1
:104FE0000F98FFF72FFEFFE707E00F98FFF72AFE65
:104FF0000F980021C0F89010FFE7FFE785E10F98B8
:10500000C06E012840F02281FFE79DF83800C006FD
:10501000002840F11B81FFE79DF83400C0060028FE
:1050200040F11481FFE70F980068102101620F988A
:10503000006880684006002840F1A680FFE70F98CE
:10504000D0F8800000684068ADF82200BDF822006A
:1050500000287CD0FFE7BDF822000F99B1F85C1062
:10506000884274DAFFE7BDF822000F99A1F85E00CC
:105070000F98D0F88000006800688006002859D496
:10508000FFE7FFE7FFE70F98006850E8000F20F404
:1050900080700790FFE707980F99096841E80002C0
:1050A000002AF0D1FFE7FFE7FFE7FFE70F9800686E
:1050B00050E8020F20F001000690FFE706980F99D4
:1050C000096841E80202002AF0D1FFE7FFE7FFE7A5
:1050D000FFE70F98006850E8020F20F040000590AD
:1050E000FFE705980F99096841E80202002AF0D10C
:1050F000FFE7FFE70F982021C0F88C100F980021E0
:10510000C166FFE7FFE70F98006850E8000F20F046
:1051100010000490FFE704980F99096841E8000225
:10512000002AF0D1FFE7FFE70F98D0F88000FCF7E6
:10513000CBFDFFE70F98022101670F98B0F85C10D4
:10514000B0F85E20891A89B2FFF740FC1BE0BDF879
:1051500022000F99B1F85C10884213D1FFE70F9835
:10516000D0F88000006800688006002809D5FFE7B5
:105170000F98022101670F98B0F85C10FFF726FC2A
:10518000FFE7FFE7FFE7C0E00F98B0F85C10B0F86A
:105190005E00081AADF80E000F98B0F85E00002807
:1051A00053D0FFE7BDF80E0000284ED0FFE7FFE721
:1051B000FFE70F98006850E8000F20F4907002900D
:1051C000FFE702980F99096841E80002002AF0D130
:1051D000FFE7FFE7FFE7FFE70F98006850E8020FDF
:1051E0004FF6FE71CEF6FF7108400190FFE701987F
:1051F0000F99096841E80202002AEDD1FFE7FFE7B5
:105200000F982021C0F88C100F980021C1660F98CC
:105210004167FFE7FFE70F98006850E8000F20F0B4
:1052200010000090FFE700980F99096841E800021C
:10523000002AF0D1FFE7FFE70F98022101670F98DE
:10524000BDF80E10FFF7C2FBFFE75EE09DF83A00E5
:10525000C00600280FD5FFE79DF832004006002861
:1052600009D5FFE70F9800684FF4801101620F988D
:10527000FFF74AFC49E09DF838000006002815D5E4
:10528000FFE79DF834000006002806D4FFE79DF8EC
:1052900032000006002809D5FFE70F98806F20B183
:1052A000FFE70F98816F8847FFE72EE09DF83800F1
:1052B000400600280AD5FFE79DF834004006002884
:1052C00004D5FFE70F9801F043FD1EE09DF83A007A
:1052D000000600280AD5FFE79DF8370040060028A1
:1052E00004D5FFE70F98FFF70BFC0EE09DF83B009D
:1052F000C00750B1FFE79DF837000006002804D52D
:10530000FFE70F98FFF768FBFFE710B080BD0000D4
:1053100080B582B00090009820B9FFE701208DF899
:10532000070046E00098806908B1FFE700E0FFE76A
:105330000098D0F8880040B9FFE70098002180F875
:105340008410009800F03AF8FFE700982421C0F894
:10535000881000980068016821F001010160009840
:10536000806A20B1FFE7009801F002FAFFE7009899
:1053700001F03EFD012804D1FFE701208DF8070070
:1053800017E000980068416821F49041416000985E
:105390000068816821F02A01816000980068016836
:1053A00041F001010160009801F086FA8DF80700D4
:1053B000FFE79DF8070002B080BD000080B5A4B0F3
:1053C000239000202290219020901F901E9009A8E9
:1053D0005421FCF79AF82398006848F20001C4F2BF
:1053E0000001884240F08E80FFE7202009900020D5
:1053F0000F9009A8FEF7DEF918B1FFE7FCF7C0FB34
:10540000FFE7FFE741F25C00C4F20200016841F0EF
:1054100001010160006800F0010008900898FFE7B2
:10542000FFE741F24C00C4F20200016841F00201C2
:105430000160006800F0020007900798FFE74FF452
:1054400040601E9002201F90012120912190082091
:10545000229040F20040C4F600001EA9FDF726FE8F
:1054600040F21820C2F200003021C4F202010160B3
:105470002221416000218160C1608022026141617E
:105480008161C1610162FCF791FD18B1FFE7FCF792
:1054900077FBFFE7FFE7239840F21821C2F20001F3
:1054A000C0F8801023988862FFE740F27820C2F2AB
:1054B00000004421C4F20201016023214160102157
:1054C00081600021C1608022026141618161C1610E
:1054D0000162FCF76BFD18B1FFE7FCF751FBFFE73A
:1054E000FFE7239840F27821C2F20001C1672398B8
:1054F0008862FFE75B200521FEF75CF85B20FEF782
:105500004FF872E12398006844F60041C4F20001AC
:10551000884240F08E80FFE70820099000200D901F
:1055200009A8FEF747F918B1FFE7FCF729FBFFE7E9
:10553000FFE741F25800C4F20200016841F4002183
:105540000160006800F4002006900698FFE7FFE77E
:1055500041F24C00C4F20200016841F00401016014
:10556000006800F0040005900598FFE74FF44060E4
:105570001E9002201F900121209121900520229051
:1055800040F60000C4F600001EA9FDF78FFD40F2B2
:10559000D820C2F200005821C4F2020101601E218D
:1055A000416000218160C1608022026141618161AE
:1055B000C1610162FCF7FAFC18B1FFE7FCF7E0FA01
:1055C000FFE7FFE7239840F2D821C2F20001C0F8BC
:1055D000801023988862FFE740F23830C2F2000062
:1055E0006C21C4F2020101601F2141601021816021
:1055F0000021C1608022026141618161C16101625B
:10560000FCF7D4FC18B1FFE7FCF7BAFAFFE7FFE7B5
:10561000239840F23831C2F20001C16723988862B2
:10562000FFE734200521FDF7C5FF3420FDF7B8FF63
:10563000DAE02398006843F60001C4F201018842D1
:1056400040F08C80FFE70120099000200A9009A813
:10565000FEF7B0F818B1FFE7FCF792FAFFE7FFE7B3
:1056600041F26000C4F20200016841F4804101602F
:10567000006800F4804004900498FFE7FFE741F2DF
:105680004C00C4F20200016841F0010101600068B1
:1056900000F0010003900398FFE74FF4C0601E90F4
:1056A00002201F90012120912190072022901EA905
:1056B0004FF09040FDF7FAFC40F29830C2F2000043
:1056C0000821C4F2020101601821416000218160BB
:1056D000C1608022026141618161C1610162FCF7A8
:1056E00065FC18B1FFE7FCF74BFAFFE7FFE72398EB
:1056F00040F29831C2F20001C0F88010239888620D
:10570000FFE740F2F830C2F200001C21C4F20201AF
:10571000016019214160102181600021C160802257
:10572000026141618161C1610162FCF73FFC18B116
:10573000FFE7FCF725FAFFE7FFE7239840F2F8318F
:10574000C2F20001C16723988862FFE72520052186
:10575000FDF730FF2520FDF723FF44E02398006884
:1057600044F20041C4F2000188423BD1FFE702202D
:10577000099000200B9009A8FEF71CF818B1FFE76C
:10578000FCF7FEF9FFE7FFE741F25800C4F2020020
:10579000016841F400310160006800F400300290BB
:1057A0000298FFE7FFE741F24C00C4F202000168F3
:1057B00041F008010160006800F0080001900198C4
:1057C000FFE760201E9002201F9001212091219070
:1057D0000720229040F60040C4F600001EA9FDF705
:1057E00065FCFFE7FFE7FFE7FFE724B080BD0000AF
:1057F00080B586B004900391ADF80A200498D0F8E3
:105800008C0020283CD1FFE7039820B1FFE7BDF8CA
:105810000A0020B9FFE701208DF8170034E0049852
:105820000021C1660498006848F20001C4F200013A
:1058300088421CD0FFE704980068406800020028F6
:1058400014D5FFE7FFE7FFE70498006850E8000F72
:1058500040F080600190FFE701980499096841E8F1
:105860000002002AF0D1FFE7FFE7FFE7FFE7049817
:105870000399BDF80A2001F087FD8DF8170003E0B9
:1058800002208DF81700FFE79DF8170006B080BDD5
:1058900080B582B001900198D0F8800020B1FFE778
:1058A000019803F057FEFFE702B080BD80B582B0DB
:1058B00001900198D0F8800020B1FFE7019803F033
:1058C0008FFEFFE702B080BD80B588B006900591DD
:1058D000ADF8122003930698D0F88800202840F0F5
:1058E0008E80FFE7059820B1FFE7BDF8120020B9D0
:1058F000FFE701208DF81F0085E006980021C0F821
:10590000901006982121C0F88810FDF7CBFD00907B
:10591000BDF812000699A1F85400BDF812000699CE
:10592000A1F8560006988068B0F5805F09D1FFE7BE
:105930000698006928B9FFE70020029005980190B9
:1059400004E00598029000200190FFE7FFE7069829
:10595000B0F85600D8B3FFE70698009A039B802161
:1059600001F0AAFD40B1FFE706982021C0F8881099
:1059700003208DF81F0046E0029858B9FFE7019810
:1059800000886FF35F2006990968886201980230E9
:10599000019008E0029800780699096888620298E8
:1059A00001300290FFE70698D0F8880000F021004F
:1059B000212807D1FFE70698B0F856100139A0F862
:1059C000561003E001208DF81F001CE0BFE7069889
:1059D000009A039B402101F06FFD40B1FFE706985C
:1059E0002021C0F8881003208DF81F000BE00698D6
:1059F0002021C0F8881000208DF81F0003E002204D
:105A00008DF81F00FFE708B080BD000080B586B0AC
:105A1000049040F6AC20C2F200000390ADF80A10EA
:105A20000498D0F88800202870D1FFE7039820B1AF
:105A3000FFE7BDF80A0020B9FFE701208DF8170045
:105A400068E0039804990865BDF80A000499A1F874
:105A50005400BDF80A000499A1F8560004980021EA
:105A6000C0F8901004982121C0F888100498C06FE5
:105A700088B3FFE70498C06F46F61D41C0F60001E9
:105A8000C1620498C06F46F69941C0F600010163F7
:105A90000498C06F46F60D21C0F6000141630498DA
:105AA000C06F0021816304980268016DC06F2832C5
:105AB000BDF80A30FCF728FB60B1FFE7049810211D
:105AC000C0F8901004982021C0F8881001208DF8AB
:105AD00017001FE0FFE70498006840210162FFE71C
:105AE000FFE70498006850E8020F40F08000019042
:105AF000FFE701980499096841E80202002AF0D101
:105B0000FFE7FFE700208DF8170003E002208DF883
:105B10001700FFE706B080BD81B0009001B070476C
:105B200081B0009001B07047FFE7FEE781B00090C0
:105B30000098C069C0B2C00901B0704782B001903E
:105B40008DF803109DF803000199886202B0704738
:105B500080B540F28450C2F200000068C069C006FF
:105B6000002812D5FFE740F28450C2F20000C06E58
:105B700001280AD0FFE740F28450C2F20000016819
:105B800010220A6203F05EFDFFE740F28450C2F289
:105B90000000FFF7F1F880BD80B582B0FFE741F269
:105BA0004800C4F20200016841F00401016000688D
:105BB00000F0040001900198FFE7FFE741F2480080
:105BC000C4F20200016841F001010160006800F0C8
:105BD000010000900098FFE70B200021FDF7EAFC90
:105BE0000B20FDF7DDFC0C200021FDF7E3FC0C2071
:105BF000FDF7D6FC0D200021FDF7DCFC0D20FDF7A4
:105C0000CFFC0E200021FDF7D5FC0E20FDF7C8FCCF
:105C10000F200521FDF7CEFC0F20FDF7C1FC102061
:105C20000521FDF7C7FC1020FDF7BAFC02B080BDCE
:105C300080B586B040F25840C2F2000046F2004102
:105C4000C4F200010160002141608160C160012255
:105C50000274417482744FF00A0CC0F814C004231B
:105C60008361C0F81CC00623036242628262C26282
:105C70000263022242638263C163FCF7F1FE18B142
:105C8000FFE7FBF77DFFFFE7002000900190012177
:105C90000391049005900220029040F25840C2F215
:105CA00000006946FCF7F8FB18B1FFE7FBF768FF57
:105CB000FFE700200090012101910221039104904F
:105CC0000590029140F25840C2F200006946FCF78C
:105CD000E3FB18B1FFE7FBF753FFFFE74FF080400E
:105CE0000090002001900121039104900590022072
:105CF000029040F25840C2F200006946FCF7CCFB2B
:105D000018B1FFE7FBF73CFFFFE74FF08040009042
:105D1000012001900220039000210491059102903E
:105D200040F25840C2F200006946FCF7B5FB18B1DA
:105D3000FFE7FBF725FFFFE740F25840C2F2000003
:105D400001210122FCF7A2FA18B1FFE7FBF718FFC7
:105D5000FFE740F25840C2F2000008210222FCF79F
:105D600095FA18B1FFE7FBF70BFFFFE740F2584049
:105D7000C2F20000FDF756F918B1FFE7FBF700FF8C
:105D8000FFE706B080BD000080B586B040F2BC40A1
:105D9000C2F2000046F60001C4F2000101600021D9
:105DA00041608160C16001220274417482744FF0CD
:105DB0000A0CC0F814C004238361C0F81CC0062379
:105DC000036242628262C2620263022242638263AF
:105DD000C163FCF745FE18B1FFE7FBF7D1FEFFE713
:105DE0000020009001900121039104900590022071
:105DF000029040F2BC40C2F200006946FCF74CFB46
:105E000018B1FFE7FBF7BCFEFFE70020009001217F
:105E100001910221039104900590029140F2BC404F
:105E2000C2F200006946FCF737FB18B1FFE7FBF749
:105E3000A7FEFFE74FF08040009000200190012175
:105E40000391049005900220029040F2BC40C2F2FF
:105E500000006946FCF720FB18B1FFE7FBF790FE56
:105E6000FFE74FF080400090012001900220039056
:105E7000002104910591029040F2BC40C2F2000062
:105E80006946FCF709FB18B1FFE7FBF779FEFFE76E
:105E900040F2BC40C2F2000001210122FCF7F6F9F9
:105EA00018B1FFE7FBF76CFEFFE740F2BC40C2F21F
:105EB000000008210222FCF7E9F918B1FFE7FBF71F
:105EC0005FFEFFE740F2BC40C2F20000FDF7AAF817
:105ED00018B1FFE7FBF754FEFFE706B080BD0000F6
:105EE00080B586B040F22050C2F2000046F6004174
:105EF000C4F200010160002141608160C1600122A3
:105F00000274417482744FF00A0CC0F814C0042368
:105F10008361C0F81CC00623036242628262C262CF
:105F20000263022242638263C163FCF799FD18B1E8
:105F3000FFE7FBF725FEFFE700200090019001211D
:105F40000391049005900220029040F22050C2F28A
:105F500000006946FCF7A0FA18B1FFE7FBF710FE56
:105F6000FFE700200090012101910221039104909C
:105F70000590029140F22050C2F200006946FCF701
:105F80008BFA18B1FFE7FBF7FBFDFFE74FF080400E
:105F900000900020019001210391049005900220BF
:105FA000029040F22050C2F200006946FCF774FAF9
:105FB00018B1FFE7FBF7E4FDFFE74FF080400090EA
:105FC000012001900220039000210491059102908C
:105FD00040F22050C2F200006946FCF75DFA18B1A9
:105FE000FFE7FBF7CDFDFFE740F22050C2F20000D3
:105FF00001210122FCF74AF918B1FFE7FBF7C0FDC8
:10600000FFE740F22050C2F2000008210222FCF714
:106010003DF918B1FFE7FBF7B3FDFFE740F2205071
:10602000C2F20000FCF7FEFF18B1FFE7FBF7A8FD86
:10603000FFE706B080BD00002DE9F04F8DB00020D5
:106040000C900B900A9009900890FFE741F24C00E9
:10605000C4F20200016841F010010160006800F024
:10606000100007900798FFE7FFE741F24C00C4F2E9
:106070000200016841F004010160006800F00400C2
:1060800006900698FFE7FFE741F24C00C4F20200D9
:10609000016841F020010160006800F020000590D7
:1060A0000598FFE7FFE741F24C00C4F202000168E7
:1060B00041F040010160006800F040000490049845
:1060C000FFE7FFE741F24C00C4F20200016841F033
:1060D00001010160006800F0010003900398FFE7F0
:1060E000FFE741F24C00C4F20200016841F00201F6
:1060F0000160006800F0020002900298FFE7FFE7ED
:1061000041F24C00C4F20200016841F00801016054
:10611000006800F0080001900198FFE740F2004994
:10612000C4F6000903250024484603210022FDF798
:10613000A3F940F60048C4F600084FF4804A4046F0
:106140004FF480410022FDF797F94FF6FF70089059
:1061500009950A9441F20000C4F6000008AE3146E9
:10616000FCF7A4FF42F20C00089009944FF0010BD9
:10617000CDF828B040F60007C4F60007384631468F
:10618000FCF794FF40F20460089009950A9441F2EC
:106190000040C4F600003146FCF788FF4FF48060F1
:1061A000089009950A9441F60000C4F600003146B3
:1061B000FCF77CFF41F2F330089009950A943846C9
:1061C0003146FCF773FFCDF820B0099402270A97F7
:1061D0004FF090403146FCF769FF41F6FE00089011
:1061E00009950A944FF090403146FCF75FFF0895FF
:1061F000CDF824B0CDF828B00B9748463146FCF7CF
:1062000055FF4FF29430089009950A94484631465C
:10621000FCF74CFF4BF69C70089009950A94404699
:106220003146FCF743FFCDF820A0CDF824B00A9406
:106230000B9740463146FCF739FF0DB0BDE8F08FB3
:1062400080B540F28450C2F2000048F20001C4F26E
:10625000000101604FF4E131416000218160C160C3
:1062600001610C2242618161016241628162FFF73A
:106270004FF818B1FFE7FBF783FCFFE740F28450CB
:10628000C2F20000FEF7F4FB18B1FFE7FBF778FC61
:10629000FFE740F28450C2F20000FEF7A1FB18B104
:1062A000FFE7FBF76DFCFFE740F28450C2F200000D
:1062B000FEF74EFB18B1FFE7FBF762FCFFE780BD7E
:1062C00080B540F24070C2F2000044F60041C4F2D2
:1062D000000101604FF4E131416000218160C16043
:1062E00001610C2242618161C1610162416281628E
:1062F000FFF70EF818B1FFE7FBF742FCFFE740F2AB
:106300004070C2F20000FEF7B3FB18B1FFE7FBF7E5
:1063100037FCFFE740F24070C2F20000FEF760FB7E
:1063200018B1FFE7FBF72CFCFFE740F24070C2F228
:106330000000FEF70DFB18B1FFE7FBF721FCFFE7BC
:1063400080BD000080B540F21860C2F2000043F644
:106350000001C4F2010101604FF4E131416000210C
:106360008160C16001610C2242618161C161016291
:1063700041628162FEF7CCFF18B1FFE7FBF700FC3A
:10638000FFE740F21860C2F20000FEF771FB18B19F
:10639000FFE7FBF7F5FBFFE740F21860C2F20000F1
:1063A000FEF71EFB18B1FFE7FBF7EAFBFFE740F241
:1063B0001860C2F20000FEF7CBFA18B1FFE7FBF756
:1063C000DFFBFFE780BD000080B540F2AC60C2F2A9
:1063D000000044F20041C4F2000101604FF4E131D9
:1063E000416000218160C16001610C2242618161D4
:1063F000C161016241628162FEF78AFF18B1FFE765
:10640000FBF7BEFBFFE740F2AC60C2F20000FEF714
:106410002FFB18B1FFE7FBF7B3FBFFE740F2AC60DF
:10642000C2F20000FEF7DCFA18B1FFE7FBF7A8FBA9
:10643000FFE740F2AC60C2F20000FEF789FA18B143
:10644000FFE7FBF79DFBFFE780BD0000FFE7FEE7EE
:10645000FFE7FEE786B0059004910392059800F0EF
:10646000070002900298C0F10700052802D3FFE759
:10647000042003E00298C0F10700FFE701900298B2
:106480000430062802D8FFE7002002E00298033813
:10649000FFE7009004980199012202FA01F1013905
:1064A000084000998840039B02FA01F10139194024
:1064B000084306B070470000000000000000000024
:1064C000EFF30980BFF36F8F154B1A681EF0100FA2
:1064D00008BF20ED108A20E9F04F10602DE9090077
:1064E0004FF0500080F31188BFF34F8FBFF36F8FD1
:1064F00003F06AFE4FF0000080F31188BDE8090048
:1065000019680868B0E8F04F1EF0100F08BFB0EC33
:10651000108A80F30988BFF36F8F704700BF00BFF8
:10652000DC07002085B041F20C00C4F202000168D3
:1065300001F0030103910068C0B2012101EB1010CA
:1065400001900398022814D0FFE7032812D1FFE737
:10655000019847F64001C0F27D11B1FBF0F041F225
:106560000C01C4F202010968C1F3062148430490FA
:1065700011E0FFE7019842F20041C0F2F401B1FBE3
:10658000F0F041F20C01C4F202010968C1F30621E6
:1065900048430490FFE741F20C00C4F20200006897
:1065A00000F0C060022101EB106002900498029993
:1065B000B0FBF1F00090009805B0704700000000BB
:1065C000074B19680868B0E8F04F80F30988BFF3FB
:1065D0006F8F4FF0000080F31188704700BF00BF3D
:1065E000DC07002080B582B0009000980138B0F13F
:1065F000807F03D3FFE70120019019E00098013864
:106600004EF21401CEF2000108604FF0FF300F216E
:1066100001F01EF84EF21800CEF2000000210160D9
:106620004EF21000CEF20000072202600191FFE757
:10663000019802B080BD000080B504F061FA012825
:1066400003D0FFE703F012FFFFE7FCF731FF80BD47
:1066500010B594B006AC20463821FAF756FF00205A
:1066600005900490039002900190FCF7C5FF012073
:1066700006904FF48030079002200D9003210E9178
:1066800005210F91442110911190129013902046F2
:10669000FDF762FD18B1FFE7FBF772FAFFE70F2085
:1066A000019003200290002003900490059001A81F
:1066B000FDF714FB18B1FFE7FBF762FAFFE714B030
:1066C00010BD00004EF68850CEF20000016841F483
:1066D000700101607047000080B540F24070C2F266
:1066E0000000FEF749FB80BD82B001900198406E2A
:1066F00040B9FFE701980121A0F86A100198A0F8BD
:10670000681032E008208DF803008DF8020001982F
:1067100000688068C0F342608DF80100019800684D
:106720008068400F8DF800009DF802009DF8001071
:106730004BF6D042C0F60002535C58434BF6D843A8
:10674000C0F60003595CB0FBF1F00199A1F86A00B2
:106750009DF803009DF80110525C5043595CB0FB5A
:10676000F1F00199A1F86800FFE702B0704700005E
:1067700081B00090009890F82800000700280BD501
:10678000FFE700980068406820F4004000990A681C
:10679000896B08435060FFE7009890F82800C00715
:1067A00058B1FFE700980068406820F40030009975
:1067B0000A68C96A08435060FFE7009890F828000B
:1067C000800700280BD5FFE700980068406820F498
:1067D000803000990A68096B08435060FFE7009811
:1067E00090F82800400700280BD5FFE700980068C4
:1067F000406820F4802000990A68496B0843506083
:10680000FFE7009890F82800C00600280BD5FFE7A6
:1068100000980068806820F4805000990A68C96B6D
:1068200008439060FFE7009890F828008006002851
:106830000BD5FFE700980068806820F400500099AD
:106840000A68096C08439060FFE7009890F82800F8
:10685000400600281CD5FFE700980068406820F437
:10686000801000990A68496C084350600098406C99
:10687000B0F5801F0BD1FFE700980068406820F456
:10688000C00000990A68896C08435060FFE7FFE781
:10689000009890F82800000600280BD5FFE7009824
:1068A0000068406820F4002000990A68C96C084319
:1068B0005060FFE701B0704780B586B0049004983F
:1068C0000021C0F89010FCF7EDFD039004980068DB
:1068D0000068000700282CD5FFE70498039A4FF4BE
:1068E00000116FF07E4300F0E7FD08B3FFE7FFE71C
:1068F000FFE70498006850E8000F20F08000029045
:10690000FFE702980499096841E80002002AF0D1E3
:10691000FFE7FFE704982021C0F88810FFE70498FC
:10692000002180F88410FFE703208DF817005CE059
:10693000FFE7049800680068400700283FD5FFE79C
:106940000498039A4FF480016FF07E4300F0B4FD89
:10695000A0B3FFE7FFE7FFE70498006850E8000FE7
:1069600020F490700190FFE701980499096841E8CC
:106970000002002AF0D1FFE7FFE7FFE7FFE70498F6
:10698000006850E8020F20F001000090FFE7009837
:106990000499096841E80202002AF0D1FFE7FFE705
:1069A00004982021C0F88C10FFE70498002180F89B
:1069B0008410FFE703208DF8170016E0FFE7049826
:1069C0002021C0F888100498C0F88C100498002189
:1069D000C16604980167FFE70498002180F88410DD
:1069E000FFE700208DF81700FFE79DF8170006B0BD
:1069F00080BD000080B582B001900198806A00904F
:106A00000098FEF71FF902B080BD000080B584B089
:106A100003900398806A02900298D0F88800019051
:106A20000298D0F88C0000900298006880680006F8
:106A3000002808D5FFE70198212804D1FFE7029834
:106A400000F0A8F9FFE70298006880684006002877
:106A500008D5FFE70098222804D1FFE7029800F04C
:106A600027F9FFE70298D0F8901041F01001C0F824
:106A700090100298FEF7E6F804B080BD80B588B0AB
:106A800007900798806A069007980068006880065B
:106A900000285BD4FFE706980021A0F85E10FFE70E
:106AA000FFE70698006850E8000F20F4807005901A
:106AB000FFE705980699096841E80002002AF0D12D
:106AC000FFE7FFE7FFE7FFE70698006850E8020FDF
:106AD00020F001000490FFE704980699096841E856
:106AE0000202002AF0D1FFE7FFE7FFE7FFE7069881
:106AF000006850E8020F20F040000390FFE7039881
:106B00000699096841E80202002AF0D1FFE7FFE791
:106B100006982021C0F88C100698C06E012814D168
:106B2000FFE7FFE7FFE70698006850E8000F20F056
:106B300010000290FFE702980699096841E80002F8
:106B4000002AF0D1FFE7FFE7FFE7FFE70698002103
:106B500001670698C06E012821D1FFE70698002141
:106B6000A0F85E10079800684068ADF80600BDF810
:106B700006000699B1F85C10884206DAFFE7BDF816
:106B800006000699A1F85E00FFE70698B0F85C10D1
:106B9000B0F85E20891A89B2FDF718FF03E0069865
:106BA000FEF776FEFFE708B080BD000080B584B038
:106BB00003900398806A029002980121016702986D
:106BC000C06E012823D1FFE70298B0F85C10490895
:106BD000A0F85E10039800684068ADF80600BDF8A4
:106BE00006000299B1F85C10884206DCFFE7BDF8A8
:106BF00006000299A1F85E00FFE70298B0F85C1069
:106C0000B0F85E20891A89B2FDF7E0FE03E0029831
:106C1000FEF74CFEFFE704B080BD000080B584B0F5
:106C200003900398806A02900398006800688006C9
:106C300000282BD4FFE702980021A0F85610FFE7A8
:106C4000FFE70298006850E8020F20F080000190F2
:106C5000FFE701980299096841E80202002AF0D191
:106C6000FFE7FFE7FFE7FFE70298006850E8000F43
:106C700040F040000090FFE700980299096841E861
:106C80000002002AF0D1FFE7FFE703E00298FEF7D9
:106C900043FFFFE704B080BD80B582B0019001984A
:106CA000806A00900098FEF73BFF02B080BD0000B4
:106CB00084B00390FFE7FFE70398006850E8000FF7
:106CC00020F490700290FFE702980399096841E868
:106CD0000002002AF0D1FFE7FFE7FFE7FFE7039894
:106CE000006850E8020F4FF6FE71CEF6FF710840C3
:106CF0000190FFE701980399096841E80202002A20
:106D0000EDD1FFE7FFE70398C06E012814D1FFE73C
:106D1000FFE7FFE70398006850E8000F20F010003D
:106D20000090FFE700980399096841E80002002AF3
:106D3000F0D1FFE7FFE7FFE703982021C0F88C10B0
:106D400003980021C1660398416704B070470000B2
:106D500080B582B00190FFE7FFE70198006850E836
:106D6000000F20F040000090FFE7009801990968AB
:106D700041E80002002AF0D1FFE7FFE70198202157
:106D8000C0F888100198002181670198FEF7C4FEC1
:106D900002B080BD83B00290FFE7FFE70298006871
:106DA00050E8000F20F0C0000190FFE70198029921
:106DB000096841E80002002AF0D1FFE7FFE7FFE79A
:106DC000FFE70298006850E8020F20F400000090EE
:106DD000FFE700980299096841E80202002AF0D111
:106DE000FFE7FFE702982021C0F8881003B0704742
:106DF00010B588B0079000208DF80F000798006844
:106E000048F20001C4F20001884201D1FFE700E02E
:106E1000FFE70798816802694369C0691143194314
:106E20000843069007980068006846F6F311CCF610
:106E3000FF71084006990843079909680860079898
:106E40000068406820F4405007990A68C968084300
:106E500050600798806906900798006848F2000122
:106E6000C4F20001884206D0FFE70798006A06993D
:106E700008430690FFE70798006880684FF2FF41DB
:106E8000C1F2FF1108400699084307990968886014
:106E900007980068C06A20F00F0007990A68496ADD
:106EA0000843D062FFE70798006843F60001C4F288
:106EB0000101884222D1FFE741F28800C4F20200BA
:106EC000006800F00300032813D8DFE800F0020A8E
:106ED000060E01208DF815000FE002208DF8150038
:106EE0000BE004208DF8150007E008208DF8150050
:106EF00003E010208DF81500FFE7FEE0079800681A
:106F000044F20041C4F20001884227D1FFE741F278
:106F10008800C4F20200006800F00C000C2818D8A9
:106F2000DFE800F0071717170F1717170B171717BA
:106F3000130000208DF815000FE002208DF81500D9
:106F40000BE004208DF8150007E008208DF81500EF
:106F500003E010208DF81500FFE7CDE007980068EA
:106F600044F60001C4F20001884227D1FFE741F254
:106F70008800C4F20200006800F0300048B1FFE76A
:106F800010280ED0FFE7202807D0FFE730280CD0CC
:106F90000FE000208DF815000FE002208DF815009D
:106FA0000BE004208DF8150007E008208DF815008F
:106FB00003E010208DF81500FFE79CE007980068BB
:106FC00044F60041C4F20001884227D1FFE741F2B4
:106FD0008800C4F20200006800F0C00048B1FFE77A
:106FE00040280ED0FFE7802807D0FFE7C0280CD04C
:106FF0000FE000208DF815000FE002208DF815003D
:107000000BE004208DF8150007E008208DF815002E
:1070100003E010208DF81500FFE76BE0079800688B
:1070200045F20001C4F2000188422AD1FFE741F293
:107030008800C4F20200006800F4407060B1FFE70D
:10704000B0F5807F10D0FFE7B0F5007F08D0FFE7F4
:10705000B0F5407F0CD00FE000208DF815000FE058
:1070600002208DF815000BE004208DF8150007E0D4
:1070700008208DF8150003E010208DF81500FFE7BB
:1070800037E00798006848F20001C4F20001884226
:107090002AD1FFE741F28800C4F20200006800F440
:1070A000406060B1FFE7B0F5806F10D0FFE7B0F54A
:1070B000006F08D0FFE7B0F5406F0CD00FE0002064
:1070C0008DF815000FE002208DF815000BE004206C
:1070D0008DF8150007E008208DF8150003E010205A
:1070E0008DF81500FFE703E010208DF81500FFE78D
:1070F000FFE7FFE7FFE7FFE7FFE7FFE70798006825
:1071000048F20001C4F20001884240F07980FFE7B4
:107110009DF81500082818D8DFE800F005170917B2
:107120000F1717171300FCF773FF019013E042F2DB
:107130000040C0F2F40001900DE0FCF791FF0190D7
:1071400009E04FF40040019005E00020019001208B
:107150008DF80F00FFE70198002850D0FFE7019855
:107160000799496A4BF69042C0F6000232F81110B6
:10717000B0FBF1F0029002980799496801EB4101D8
:10718000884207D3FFE7029807994968B0EB013FAF
:1071900004D9FFE701208DF80F002FE0019807992F
:1071A0004C68496A4BF69042C0F6000232F8112052
:1071B00000210023FAF749FB090241EA10610002AD
:1071C00010EB540041F1000122460023FAF73DFB89
:1071D00004900498B0F5407F0BD3FFE7049800219A
:1071E000B1EB105F05D1FFE7049807990968C86003
:1071F00003E001208DF80F00FFE7FFE7FFE7B3E0B2
:107200000798C069B0F5004F5ED1FFE79DF8150003
:1072100008281CD8DFE800F005090D1B131B1B1BF9
:107220001700FCF7F5FE019017E0FCF705FF019051
:1072300013E042F20040C0F2F40001900DE0FCF7D0
:107240000FFF019009E04FF40040019005E000209D
:10725000019001208DF80F00FFE7019898B3FFE738
:10726000019807994A68496A4BF69043C0F60003B3
:1072700033F81110B0FBF1F0400000EB5200B0FB0E
:10728000F2F004900498102818D3FFE7BDF812001C
:10729000A0B9FFE7049820F00F00ADF8160004989D
:1072A00000F00E00BDF8161041EA5000ADF81600CF
:1072B000BDF8160007990968C86003E001208DF841
:1072C0000F00FFE7FFE74EE09DF8150008281CD8E7
:1072D000DFE800F005090D1B131B1B1B1700FCF753
:1072E00097FE019017E0FCF7A7FE019013E042F231
:1072F0000040C0F2F40001900DE0FCF7B1FE0190F7
:1073000009E04FF40040019005E0002001900120C9
:107310008DF80F00FFE7019820B3FFE70198079968
:107320004A68496A4BF69043C0F6000333F81110DF
:10733000B0FBF1F000EB5200B0FBF2F004900498C7
:1073400010280AD3FFE7BDF8120030B9FFE7BDF8F7
:10735000100007990968C86003E001208DF80F004C
:10736000FFE7FFE7FFE7FFE707980121A0F86A10B2
:107370000798A0F86810079800214167079881676F
:107380009DF80F0008B010BD80B588B0069005913B
:10739000ADF81220059806998865BDF81200069987
:1073A000A1F85C0006980021C0F8901006982221F0
:1073B000C0F88C100698D0F88000B0B3FFE70698AC
:1073C000D0F8800046F67D21C0F60001C162069823
:1073D000D0F8800046F6AD31C0F600010163069892
:1073E000D0F8800046F60D21C0F6000141630698F2
:1073F000D0F880000021816306980168826DD0F882
:1074000080002431BDF81230FAF77EFE60B1FFE74C
:1074100006981021C0F8901006982021C0F88C1012
:1074200001208DF81F0042E0FFE706980069A0B137
:10743000FFE7FFE7FFE70698006850E8000F40F419
:1074400080700390FFE703980699096841E80002FD
:10745000002AF0D1FFE7FFE7FFE7FFE7FFE7069825
:10746000006850E8020F40F001000290FFE7029828
:107470000699096841E80202002AF0D1FFE7FFE718
:10748000FFE7FFE70698006850E8020F40F0400071
:107490000190FFE701980699096841E80202002A75
:1074A000F0D1FFE7FFE700208DF81F00FFE79DF810
:1074B0001F0008B080BD000010B586B00490039195
:1074C00000208DF80B0001920093FFE704980068FC
:1074D000C06903990840401AB0FA80F040099DF84D
:1074E0000B10884264D1FFE70098013000285ED07D
:1074F000FFE7FBF7D7FF0199401A0099884203D8AC
:10750000FFE7009820B9FFE703208DF8170053E04C
:107510000498006800684007002847D5FFE70398F3
:10752000802843D0FFE7039840283FD0FFE7049826
:107530000068C06900F008000121B1EBD00F14D140
:10754000FFE704980068082404620498FFF7B0FB82
:107550000498C0F89040FFE70498002180F8841058
:10756000FFE701208DF8170026E004980068C06945
:1075700000F400600121B1EBD02F16D1FFE7049891
:1075800000684FF4006101620498FFF791FB0498D2
:107590002021C0F89010FFE70498002180F88410A3
:1075A000FFE703208DF8170006E0FFE7FFE78DE710
:1075B00000208DF81700FFE79DF8170006B010BDFA
:1075C00080B540F21860C2F200000068C069C006D1
:1075D000002812D5FFE740F21860C2F20000C06E2A
:1075E00001280AD0FFE740F21860C2F200000168EB
:1075F00010220A6202F026F8FFE740F21860C2F299
:107600000000FDF7B9FB80BDFFE7FEE781B08DF814
:1076100003009DF9030000280FD4FFE79DF9030044
:1076200000F01F01012202FA01F140094EF200129E
:10763000CEF2000242F82010FFE701B070470000D0
:107640004EF60C50CEF200000068C0F302207047E6
:1076500082B08DF8070000919DF9070000280AD438
:10766000FFE7009800019DF907104EF20042CEF2AC
:10767000000288540BE0009800019DF8071001F00B
:107680000F014EF61452CEF200028854FFE702B00A
:107690007047000083B00290029800F0070000904D
:1076A0004EF60C50CEF200000168019101994FF6A0
:1076B000FF02114001910199009A41EA0221002242
:1076C000C0F2FA52114301910199016003B0704771
:1076D00080B582B048F20001C4F2000101918DF83A
:1076E0000300FFE70198FEF721FA08B9FFE7F9E781
:1076F00001989DF80310FEF721FA02B080BD00004A
:1077000080B582B00190FAF77DFDFFE7FEE700004B
:1077100080B501F0F3FF00F001F880BD10B584B032
:1077200000208DF80E000421029101909DF80E00BA
:10773000032804DBFFE701208DF80F00ADE09DF882
:107740000E0040F2E411C2F2000151F8200020B115
:10775000FFE702208DF80F009FE01020F8F71AFED7
:107760009DF80E1040F2E412C2F2000242F821002D
:107770009DF80E0052F8200020B9FFE703208DF895
:107780000F008AE002980421F8F7F0FD9DF80E1032
:1077900040F2E412C2F2000252F8211008609DF893
:1077A0000E0052F82000006898B9FFE79DF80E001F
:1077B00040F2E414C2F2000454F82000F8F719FE75
:1077C0009DF80E00002144F8201003208DF80F00D2
:1077D00063E002989DF80E1040F2E414C2F2000437
:1077E00054F82110486001980421F8F7BFFD9DF876
:1077F0000E1054F8211088609DF80E0054F82000F7
:107800008068D0B9FFE79DF80E0040F2E414C2F2A0
:10781000000454F820000068F8F7EBFD9DF80E0016
:1078200054F82000F8F7E5FD9DF80E00002144F81B
:10783000201003208DF80F002FE001989DF80E1006
:1078400040F2E412C2F2000252F82110C86040F285
:10785000DC10C2F200000068D8B9FFE7082002F08F
:1078600025FE40F2DC11C2F20001086040F2E01097
:10787000C2F20000009047F6A100C0F600004BF6EF
:10788000AC61C0F600014FF48072022303F00CF9E2
:10789000FFE700208DF80F00FFE704B010BD0000E7
:1078A00080B588B007900020069005900490FFE70F
:1078B00040F2DC10C2F20000006801A94FF0FF3274
:1078C00002F096FF0198006846F20041C4F2000100
:1078D00088420ED0FFE746F60001C4F2000188425C
:1078E0000BD0FFE746F60041C4F20001884208D001
:1078F0000BE000208DF80F0009E001208DF80F004B
:1079000005E002208DF80F0001E0FFE7D0E70198C5
:107910000299FAF727FE08B1FFE7F7E740F2B41043
:10792000C2F20000406850B9FFE79DF80F0040F236
:10793000E411C2F2000151F8200005900AE09DF820
:107940000F0040F2E411C2F2000151F820000830AB
:107950000590FFE740F2B410C2F200000068069004
:107960000598069902684068B1FBF0F303FB10101C
:1079700052F820000490FFE70499002049B1FFE786
:1079800004980699426880680840101A18BF0120C0
:10799000FFE7C00720B1FFE7049800690490EBE718
:1079A000049820B1FFE70498C06808B9FFE7ADE785
:1079B00040F2B410C2F20000426840F26411C2F218
:1079C00000014A6082688A60C0680873069808608F
:1079D000049A1068D36840F27412C2F20002984709
:1079E00094E7000080B582B0AA20ADF80600FCF74D
:1079F0008BFFBDF80600009000984FF47A71484361
:107A000000904EF21000CEF20000016841F0020139
:107A1000016000994EF21402CEF20002116001687A
:107A200041F00101016002B080BD000080B584B06A
:107A300040F68C20C2F20000039001208DF80B006C
:107A400000208DF80A00039800798DF80400F320D7
:107A50008DF80500AB208DF806009DF80B0000F0B6
:107A600001008DF807009DF80A0000F001008DF874
:107A700008006B208DF80900039801A9062201F087
:107A800069FC04B080BD000086B040F68C20C2F2D4
:107A90000000049040F24070C2F200000390012008
:107AA0008DF80B0040F60040C4F6000001904FF442
:107AB0008040ADF80200049830B1FFE7039818B198
:107AC000FFE7019820B9FFE701208DF8170029E0B2
:107AD0009DF80B000A2804DBFFE702208DF8170051
:107AE00020E00398049908609DF80B000499087140
:107AF000019804998860BDF802000499888104986F
:107B000000210161049841610498816104989DF805
:107B10000B2040F2F013C2F2000343F822008DF86C
:107B20001710FFE706B0704780B586B040F68C218D
:107B3000C2F2000105918DF813004FF49670ADF874
:107B4000100000208DF80F008DF80E0005980079C8
:107B50008DF80600F6208DF807009DF813008DF8CB
:107B600008009DF811008DF809009DF810008DF8AF
:107B70000A009DF80F008DF80B009DF80E0000F034
:107B800001008DF80C006B208DF80D0005980DF1AB
:107B90000601082201F0DEFB06B080BD80B582B090
:107BA00001900091009840F21011C2F20001884249
:107BB00005D1FFE79DF80400FFF78AFD0DE000986E
:107BC00040F2BC01C2F20001884205D1FFE79DF8F6
:107BD0000400FFF77DFDFFE7FFE7019802B080BDDD
:107BE00080B582B040F67C20C2F20000009049F2DD
:107BF0008130C0F600004BF6A161C0F60001802282
:107C0000022302F051FF02F091FA02B080BD0000A1
:107C100081B000900099002039B1FFE70098411E23
:107C20000840B0FA80F04009FFE700F0010001B021
:107C30007047000080B582B000208DF806009DF8E6
:107C40000600012807D1FFE740F2D470C2F200001D
:107C500000210170FFE740F2D470C2F2000000780A
:107C6000002864D1FFE740F60000C4F600000821B8
:107C7000FBF7D2FBD8B1FFE740F60000C4F60000E6
:107C80000421FBF7C9FB90B1FFE740F60000C4F602
:107C900000004FF40051FBF7BFFB40B1FFE74FF08E
:107CA00090400121FBF7B8FB012840D1FFE7FAF72C
:107CB000CFFA40F2D470C2F200000121017040F608
:107CC0000000C4F600000821FBF7A6FB20B9FFE77F
:107CD00001208DF807005CE040F60000C4F60000CB
:107CE0000421FBF799FB20B9FFE702208DF807007C
:107CF0004FE040F60000C4F600004FF40051FBF7DF
:107D00008BFB20B9FFE703208DF8070041E04FF01F
:107D100090400121FBF780FB012804D1FFE70420FC
:107D20008DF8070035E0FFE7FFE7FFE72DE040F6BD
:107D30000000C4F600000821FBF76EFB012823D1E8
:107D4000FFE740F60000C4F600000421FBF764FBE7
:107D5000012819D1FFE740F60000C4F600004FF4F7
:107D60000051FBF759FB01280ED1FFE74FF090407F
:107D70000121FBF751FB38B9FFE740F2D470C2F2A2
:107D8000000000210170FFE7FFE700208DF80700E9
:107D9000FFE79DF8070002B080BD000080B5FBF74B
:107DA0008FFBFEF755FCFFF71DFEFEF745F9FDF7CB
:107DB000F3FEFEF7C7FAFDF73BFFFDF7E5FFFEF721
:107DC0008FF8FEF73DFAFEF77BFAFEF7FDFAFFF7B4
:107DD0009FFCFFF705FF002080BD000081B00090F0
:107DE000009801380090009840EA500000900098F8
:107DF00040EA90000090009840EA1010009000982F
:107E000040EA10200090009840EA1040009000984E
:107E1000013001B07047000080B588B0079006912E
:107E200042F6C440C2F200000068049040F2E470E0
:107E3000C2F200000068039040F2EC70C2F2000051
:107E40000068029040F2DC70C2F20000016800227B
:107E500081F859200068043001F0B0FD90B9FFE7C7
:107E600040F2DC70C2F200000068C06A012101FA31
:107E700000F042F6C831C2F200010A6822EA0000AE
:107E8000086000E0FFE70798013028BBFFE706988D
:107E900010B3FFE7FFE742F69C40C2F200004168E2
:107EA0000191019940F2DC72C2F2000213689960FC
:107EB000019989681368D96011680431019B9B6836
:107EC000596011680431019B99601168486101682B
:107ED00001310160FFE735E00498079908440590F7
:107EE000059840F2DC71C2F200010968486005980B
:107EF000049988420AD2FFE7029840F2DC71C2F28C
:107F000000010968043101F0B5FD1AE0039840F260
:107F1000DC71C2F200010968043101F0ABFD059883
:107F200042F62841C2F200010968884207D2FFE701
:107F3000059842F62841C2F20001086000E0FFE720
:107F4000FFE7FFE708B080BD80B582B0019001F087
:107F5000F3FD42F6B830C2F2000001680131016061
:107F600040F2DC70C2F20000006898B9FFE70198A7
:107F700040F2DC71C2F20001086042F6B830C2F291
:107F800000000068012803D1FFE700F065FB00E076
:107F9000FFE71CE042F69040C2F200000068A0B982
:107FA000FFE740F2DC70C2F200000068C06A01998D
:107FB000C96A884207D8FFE7019840F2DC71C2F233
:107FC0000001086000E0FFE700E0FFE7FFE742F69E
:107FD000C430C2F2000001680131016000680199FB
:107FE0004864FFE70198C06A012101FA00F042F6F7
:107FF000C831C2F200010A6810430860FFE7019827
:10800000C06A00EB800140F2F470C2F2000000EBA5
:108010008101496800910099019A916000998968ED
:10802000019AD16001990431009A926851600199D6
:108030000431009A91600199CA6A02EB820200EB56
:1080400082024A610199C96A01EB810150F821203D
:10805000013240F82120FFE7FFE701F097FD42F6EB
:108060009040C2F200000068D8B1FFE7FFE740F29D
:10807000DC70C2F200000068C06A0199C96A8842D7
:108080000CD2FFE74EF60450CEF200004FF08051C4
:108090000160BFF34F8FBFF36F8F00E0FFE7FFE793
:1080A00000E0FFE702B080BDB0B501F045FD42F64B
:1080B000C840C2F20000006868BBFFE742F6CC345B
:1080C000C2F20004204601F0B5FC42F6E035C2F2EF
:1080D0000005284601F0AEFC40F2E070C2F200005C
:1080E000046040F2F070C2F200000560102002F05F
:1080F000DDF942F6C841C2F200010860086840B1EB
:10810000FFE742F6C840C2F20000006801F01EFE20
:1081100000E0FFE700E0FFE701F038FDB0BD000040
:1081200080B582B0FFE742F6BC30C2F200000068C2
:1081300008B3FFE701F000FD42F6B040C2F20000D4
:10814000C068C06801900198043001F037FC42F625
:10815000B830C2F2000001680139016042F6BC305B
:10816000C2F2000001680139016001F00FFD0198C1
:1081700000F01AF9D7E702B080BD000080B582B0E8
:10818000019000910198006CB8B1FFE70198C168B7
:10819000026C1144C16001988168C068884204D3B0
:1081A000FFE701980168C16000E0FFE70098019ACD
:1081B000D168126CF9F7C1FBFFE702B080BD000087
:1081C00080B586B005900491039200200290059836
:1081D000806B01900598006C78B9FFE705980068FE
:1081E00048B9FFE70598806802F0E8FD029005981D
:1081F0000021816000E0FFE741E00398B8B9FFE7A4
:10820000059A04995068126CF9F797FB0598416834
:10821000026C11444160059841688068814204D332
:10822000FFE705980168416000E0FFE726E0059A56
:108230000499D068126CF9F780FB0598C168026C4C
:10824000891AC16005980168C068884206D2FFE7B4
:1082500005988168026C891AC16000E0FFE7039805
:10826000022809D1FFE7019820B1FFE70198013802
:10827000019000E0FFE700E0FFE7FFE7FFE701987C
:10828000013005998863029806B080BD80B58AB038
:1082900001200990002003900290FFE702980F2828
:1082A00013DCFFE702984BF6B351C0F60001095CFE
:1082B00004AA11540298105C08B9FFE706E0FFE732
:1082C000FFE7029801300290E8E7FFE700200890FE
:1082D000FFE7089800281EDCFFE748F2B140C0F62F
:1082E000000003900398089942F62042C2F200026F
:1082F00002EB8101009104A98022002302F0D4FB4B
:108300000990099808B9FFE706E0FFE7FFE708983A
:1083100001300890DDE7FFE709980AB080BD000052
:1083200010B58AB0DDF834C0DDF830C0099008918E
:10833000ADF81E200693BDF81E00800000F06AFD17
:1083400004900498A0B1FFE75C2000F063FD059065
:10835000059840B1FFE705985C21F8F711FC0498F7
:108360000599086303E0049801F034FCFFE702E09C
:1083700000200590FFE7059890B1FFE7099808995C
:10838000BDF81E20069BDDF830C0DDF834E0059C0A
:108390000294CDF804E0CDF800C000F0CBF8FFE780
:1083A00005980AB010BD000080B582B00190019818
:1083B000006B01F00FFC019801F00CFC02B080BDD5
:1083C00082B0019040F2E070C2F2000000680068E4
:1083D000B0FA80F04009019908600198006848B936
:1083E000FFE740F2E070C2F200000068C068006879
:1083F000009002E000200090FFE7009802B0704774
:1084000084B04FF40050009040F6AC30C2F200004F
:1084100001909DF80400400788B1FFE701980730FC
:108420000190019820F007000190019840F6AC31CE
:10843000C2F20001009A081A10440090FFE7019868
:108440000290029842F69441C2F2000108600020B6
:1084500048600299009A11440191019908390191EB
:10846000019921F007010191019940F2E872C2F2ED
:10847000000211601168486011680860029803905A
:1084800001980399401A486010680399086003989E
:10849000406842F62441C2F2000108600398406837
:1084A00042F61C41C2F20001086004B070470000AF
:1084B00080B582B00190FFE7FFF732FE40F2F47022
:1084C000C2F20000006802280CD3FFE74EF6045009
:1084D000CEF200004FF080510160BFF34F8FBFF329
:1084E0006F8F00E0FFE7E7E780B584B0DDF818C0E4
:1084F0000390029101928DF80330029818B9FFE7BA
:108500000698006003E0019806990860FFE7039869
:108510000699C863029806990864069802F012F852
:108520009DF80300069981F85000069800218164A7
:1085300004B080BD80B588B0DDF830C0DDF82CC057
:10854000DDF828C007900691ADF8162004930020AE
:1085500003900C98006BBDF816108900A522F9F75E
:1085600031FA0C98006BBDF8161000EB810004384E
:108570000290029820F0070002909DF80800400742
:1085800048B1FFE74BF61760C0F6000040F22E71CD
:1085900001F03EFAFFE7069800B3FFE700200190E4
:1085A000FFE701980F2813D8FFE706980199405C70
:1085B0000C9A114481F8340006980199405C08B97E
:1085C000FFE706E0FFE7FFE7019801300190E8E7E9
:1085D000FFE70C98002180F8431000E0FFE70A98BD
:1085E000202809D3FFE74BF61760C0F6000040F2E1
:1085F000647101F00DFAFFE70A98202803D3FFE722
:108600001F200A9000E0FFE70A980C99C8620A98B8
:108610000C99C8640C98043001F024FA0C981830B6
:1086200001F020FA0C9800610A98C0F120000C9922
:1086300088610C98406202980799049A00F0C6FC81
:108640000C9908600B9820B1FFE70C980B99086013
:1086500000E0FFE708B080BDB0B582B00020019017
:10866000FFE701981F2810D8FFE7019800EB800072
:1086700040F2F471C2F2000101EB800001F0DAF97E
:10868000FFE7019801300190EBE742F6F434C2F2C3
:108690000004204601F0CEF942F60845C2F200057A
:1086A000284601F0C7F942F63C40C2F2000001F052
:1086B000C1F942F6B040C2F2000001F0BBF942F647
:1086C0009C40C2F2000001F0B5F940F2E470C2F241
:1086D0000000046040F2EC70C2F20000056002B0DD
:1086E000B0BD000083B0029042F69440C2F2000098
:1086F0000190FFE7019800680299884205D2FFE7E0
:10870000FFE7019800680190F4E701980090009855
:108710000199496808440299884209D1FFE7029803
:10872000406801994A68104448600198029000E04E
:10873000FFE702980090009802994968084401995F
:108740000968884220D1FFE70198006840F2E8718B
:10875000C2F20001096888420DD0FFE70198006865
:10876000406802994A6810444860019800680068AF
:108770000299086007E040F2E870C2F20000006869
:1087800002990860FFE704E0019800680299086018
:10879000FFE701980299884204D0FFE70298019907
:1087A000086000E0FFE703B07047000080B586B0C6
:1087B000059004910392029300200190049805997A
:1087C00048600598006104980399884216D8FFE72D
:1087D00003980299401A05998969884203D3FFE7F3
:1087E0000120019009E040F2F070C2F20000006840
:1087F0000599043101F03EF9FFE717E0039802996B
:10880000884208D2FFE704980299884203D3FFE721
:108810000120019009E040F2E070C2F2000000681F
:108820000599043101F026F9FFE7FFE7019806B04A
:1088300080BD000080B582B0019001F07DF9019803
:10884000806B18B9FFE70120009002E00020009043
:10885000FFE701F09BF9009802B080BD80B586B0BB
:1088600005900598806C049000200390049848B906
:10887000FFE74BF6F350C0F6000040F6F84101F078
:10888000C7F8FFE70498806B0499C96B884209D345
:10889000FFE74BF6F350C0F6000040F6F94101F057
:1088A000B7F8FFE70498806B0499C96B884243D2FC
:1088B000FFE7049890F845008DF80B00049805A98F
:1088C0000022FFF77DFC03909DF90B00013088B971
:1088D000FFE70498406A58B1FFE70498243002F09B
:1088E0000BFB18B1FFE70120039000E0FFE700E079
:1088F000FFE720E0FFE701F085F801909DF90B000C
:108900000199884215D2FFE79DF90B007F2809D114
:10891000FFE74BF6F350C0F6000040F6195101F0A6
:1089200077F8FFE79DF80B000130049981F84500C6
:10893000FFE7FFE7FFE700E0FFE7039806B080BD31
:1089400008480068006880F308884FF0000080F352
:10895000148862B661B6BFF34F8FBFF36F8F00DF2D
:1089600000BF000008ED00E080B584B003900291E4
:1089700040F2E070C2F200000068C068C068019078
:108980000198043001F01AF8019890F82800400787
:10899000002806D5FFE701980399029A00F01AF91A
:1089A00007E0019890F8281001F0FE0180F82810E7
:1089B000FFE70198016A884704B080BD80B588B0A0
:1089C00000200790069005900490FFE742F6C8400B
:1089D000C2F20000006804A9002201F009FF00288B
:1089E00000F0A880FFE70498B0F1FF3F15DCFFE737
:1089F00004A804300090009848B9FFE74BF63B60AC
:108A0000C0F6000040F2BD3101F002F8FFE7009926
:108A10000A6848688968904700E0FFE704980028E2
:108A200000F18780FFE7069803900398406928B11A
:108A3000FFE70398043000F0C1FF00E0FFE702A861
:108A400000F000F9019004980138082800F26F80C6
:108A5000DFE800F00505323A590505323A0003987F
:108A600090F8281041F0010180F828100398059B28
:108A700081691944019AFFF799FED8B1FFE703987D
:108A800090F828004007002808D5FFE703980599CB
:108A900082691144019A00F09DF807E0039890F86C
:108AA000281001F0FE0180F82810FFE70398016A02
:108AB000884700E0FFE73BE0039890F8281001F0BA
:108AC000FE0180F8281033E0039890F8281041F058
:108AD000010180F82810059803998861039880693E
:108AE00048B9FFE74BF63B60C0F600004FF48261E7
:108AF00000F08EFFFFE70398019A81691144134645
:108B0000FFF754FE14E0039890F82800800700282F
:108B100004D4FFE7039801F05DF807E0039890F8AC
:108B2000281001F0FE0180F82810FFE700E0FFE7C1
:108B3000FFE74BE708B080BD80B584B00390029199
:108B400001F03AFB684600F07DF801900098D8BB30
:108B5000FFE7029860B9FFE703980199884207D8B8
:108B6000FFE702F099FA03980199FFF7FDFE2AE06A
:108B7000029858B1FFE740F2F070C2F200000068BE
:108B80000068B0FA80F040090290FFE742F6C84062
:108B9000C2F2000000680399019A891A029A01F052
:108BA00035F902F079FA60B9FFE74EF60450CEF2DB
:108BB00000004FF080510160BFF34F8FBFF36F8F04
:108BC00000E0FFE7FFE702E002F066FAFFE704B02B
:108BD00080BD000080B584B0039002910192FFE750
:108BE0000398029B81691944019AFFF7DFFD48B1A0
:108BF000FFE7039880690299084402900398016A8C
:108C00008847EDE704B080BD40F2E470C2F2000096
:108C10000068006840B9FFE742F62840C2F2000051
:108C20004FF0FF3101600CE040F2E470C2F200004E
:108C30000068C068006842F62841C2F2000108607E
:108C4000FFE7704780B582B0019001F075FF00909A
:108C5000009840F2D871C2F200010968884206D239
:108C6000FFE700F011F801980121016003E001988D
:108C700000210160FFE7009840F2D871C2F20001C4
:108C80000860009802B080BD80B582B0FFE740F276
:108C9000E070C2F200000068006870B1FFE740F2C7
:108CA000E070C2F200000068C0680068019001989E
:108CB0004FF0FF31FFF758FEE9E740F2E070C2F2F3
:108CC00000000168009140F2F071C2F200010A68F0
:108CD00002600098086002B080BD000080B582B0DC
:108CE0000020009040F25000C2F200000068013005
:108CF00040B1FFE74BF66060C0F60000F42100F0E1
:108D000087FEFFE74FF0500080F31188BFF36F8FAD
:108D1000BFF34F8F0190FFE7009808B9FFE7FBE72B
:108D200002B080BD80B584B00390FFE701A8FFF7D3
:108D300047FB029002980199FFF7FEFEFFF73EFE07
:108D4000F4E7000080B582B0019000F0F5FE0198D4
:108D500090F845008DF80300FFE79DF90300012816
:108D600025DBFFE70198806C50B1FFE70198FFF722
:108D700075FD18B1FFE701F073F900E0FFE710E0BF
:108D80000198406A58B1FFE70198243002F0B4F826
:108D900018B1FFE701F064F900E0FFE700E007E049
:108DA000FFE79DF8030001388DF80300D5E7FFE7E2
:108DB0000198FF2180F8451000F0E8FE00F0BCFEAD
:108DC000019890F844008DF80200FFE79DF9020039
:108DD000012816DBFFE70198006980B1FFE70198E1
:108DE000103002F089F818B1FFE701F039F900E01E
:108DF000FFE79DF8020001388DF8020000E001E075
:108E0000E4E7FFE70198FF2180F8441000F0BEFE80
:108E100002B080BD80B586B005900020019001F0C1
:108E2000CBF940F2E870C2F20000006818B9FFE721
:108E3000FFF7E6FA00E0FFE70598A8B1FFE705981D
:108E400000F00700C0F11000009005980099C94398
:108E5000884205D8FFE7009805990844059002E08C
:108E600000200590FFE700E0FFE79DF817000006EF
:108E7000002800F19780FFE70598002800F0908017
:108E8000FFE7059842F61C41C2F2000109688842DA
:108E900000F28680FFE742F69440C2F200000390A1
:108EA00000680490FFE704984168059A0020914209
:108EB00006D2FFE704980068002818BF0120FFE7EA
:108EC000C00730B1FFE7049803900498006804904D
:108ED000E9E7049840F2E871C2F2000109688842AB
:108EE0005CD0FFE7039800680830019004980068A0
:108EF00003990860049840680599401A11281ED308
:108F0000FFE704980599084402909DF8080040077F
:108F100040B1FFE74BF6BD50C0F60000DC2100F089
:108F200077FDFFE7049840680599401A0299486068
:108F30000598049948600298FFF7D4FB00E0FFE72A
:108F40000498406842F61C41C2F200010A68101AF7
:108F50000860086842F62441C2F2000109688842AC
:108F60000BD2FFE742F61C40C2F20000006842F656
:108F70002441C2F20001086000E0FFE70498416864
:108F800041F00041416004980021016042F6304008
:108F9000C2F2000001680131016000E0FFE700E07B
:108FA000FFE700E0FFE702F077F89DF804004007D4
:108FB00048B1FFE74BF6BD50C0F600004FF48E718C
:108FC00000F026FDFFE7019806B080BD83B0029057
:108FD0000191009202980438029002984FF080713B
:108FE0000160029804380290019820F00100029973
:108FF0000860029804380290029848F6DD41C0F6F5
:1090000000010160029814380290009802990860EB
:1090100002980438029002986FF0020101600298F1
:1090200020380290029803B07047000080B586B0E7
:109030000490039101208DF80B00049840B1FFE7E4
:109040000398FEF7E5FD18B9FFE70020059046E01C
:109050001C20F7F79FF90190019818B9FFE700204D
:1090600005903CE00398B0F1FF3F04DCFFE76FF0B0
:1090700000400390FFE70398FEF7B0FE03900498CA
:1090800098B9FFE70398F7F785F901990861019806
:10909000006930B9FFE70198F7F7ABF900200590B8
:1090A0001DE001980121416106E0049801990861E1
:1090B000019800214161FFE701980021416001987A
:1090C0000160039801998860039801380199C8608C
:1090D0009DF80B000199087601980590FFE7059827
:1090E00006B080BD80B58AB00890079106920898B6
:1090F000406808990968401A04900898007EA8BB47
:10910000FFE7042001900020009008988168006823
:10911000089AD2681040081A019988420DD2FFE7D8
:10912000089881680068089AD2681040081A009070
:109130000098019908440190FFE7049818B9FFE7E7
:109140000020099058E0089801690068009A1044CE
:10915000089AD268104008580590069805998842E8
:1091600003D2FFE70020099046E012E000200190C2
:1091700006980499884202D9FFE7049801E006980E
:10918000FFE70590059818B9FFE70020099033E044
:10919000FFE708980068019908440899C9680840E1
:1091A0000390059808998968039A891A884205D915
:1091B000FFE7089880680399401A01E00598FFE7E7
:1091C0000290079808990969039A1144029AF8F7DE
:1091D000B4FB0798029A104408990969059B9A1AEA
:1091E000F8F7ABFB05980199084408990A68104400
:1091F000086005980990FFE709980AB080BD000053
:1092000080B58AB0089007910692089881684068F6
:10921000089A1268101A084404900898007EC8BB87
:10922000FFE70420019000200090089881684068C2
:10923000089AD2681040081A019988420DD2FFE7B7
:10924000089881684068089AD2681040081A00900F
:109250000098019908440190FFE706980199084495
:109260000499884203D9FFE70020099058E0069846
:109270000590059818B9FFE70020099050E005987F
:1092800008990A694968009B1944089BDB681940E2
:10929000505012E00020019006980499884202D9AB
:1092A000FFE7049801E00698FFE70590059818B9D4
:1092B000FFE70020099033E0FFE708984068019934
:1092C00008440899C9680840039005980899896876
:1092D000039A891A884205D9FFE70898806803999C
:1092E000401A01E00598FFE7029008980069039989
:1092F00008440799029AF8F720FB08980069079933
:10930000029A1144059B9A1AF8F717FB05980199E0
:10931000084408994A681044486005980990FFE796
:109320000AB080BD80B582B00190019988688989B2
:109330000022FAF7A1F802B080BD000080B582B02B
:1093400001900199886889890122FAF795F802B09D
:1093500080BD000080B584B003900291ADF8062076
:109360000398FFF7EBFF039800680299BDF8062009
:109370006423FCF7A9FA0398FFF7D4FF04B080BD7B
:1093800080B582B0019000F0D7FB40F68020C2F299
:109390000000009049F22940C0F600004BF69B51B6
:1093A000C0F600018022022301F07EFB40F68420FB
:1093B000C2F20000009049F26540C0F600004BF692
:1093C000A151C0F600018022022301F06DFB40F69E
:1093D0008820C2F20000009049F2B540C0F60000BB
:1093E0004BF6A751C0F600018022022301F05CFB7E
:1093F00040F6A820C2F20000009049F22150C0F6C9
:1094000000004BF6AD51C0F600018022022301F0AE
:109410004BFB40F67C20C2F20000006800F05EFDCD
:1094200000F0B4FB02B080BD10B582B0019040F2F4
:109430000044C4F60004204602210122FAF71CF879
:10944000204601210022FAF717F8FFE70220F9F77A
:10945000FBFF0120F9F7F8FF4FF47A7000F008FDE8
:10946000F4E7000080B588B00790002006900590D2
:10947000049003900290FFE702A800F017F9019012
:10948000019838B1FFE7019802AA0021115400F0B9
:10949000F3F909E001F050FB01464BF62350C0F60A
:1094A0000000F6F7CDFFFFE74FF47A7000F0E0FC24
:1094B000E2E7000080B582B0019000208DF8030043
:1094C000FFE7FEF7B7FB8DF803009DF803000138B6
:1094D00003281FD8DFE800F0091017024BF61050E0
:1094E000C0F60000F6F7ACFF15E04BF6E040C0F622
:1094F0000000F6F7A5FF0EE04BF6F040C0F60000C6
:10950000F6F79EFF07E04BF60050C0F60000F6F7B6
:1095100097FF00E0FFE70A2000F0AAFCD1E7000077
:1095200080B582B0019000208DF80300FEF7ACFA00
:10953000FEF77CFAFFE79DF8030080F001008DF84C
:1095400003009DF80300FEF7EFFA4FF4FA6000F015
:109550008FFCF0E780B586B00590059800F0E2F941
:109560000490049808B9FFE737E00598B0F85C006C
:1095700003900498C0680599B1F85C10B0FBF1F253
:1095800002FB1100029003980299401A0190019881
:109590000499CA681044C860049800680599896DE8
:1095A000029A1144019AFFF72BFE0598D0F880002B
:1095B000C069202811D0FFE7FFE70598816DB0F85A
:1095C0005C20FCF715F938B1FFE7FFE705980021AB
:1095D00080F88410FFE7F0E7FFE706B080BD0000E9
:1095E00080B586B00590059800F09CF90490049829
:1095F00008B9FFE724E00598B0F85C0000F001012D
:1096000001EB500003900498C0680599B1F85C1014
:10961000B0FBF1F202FB1100029003980299401A8C
:10962000019001980499CA681044C86004980068C1
:109630000599896D029A1144019AFFF7E1FDFFE750
:1096400006B080BD80B586B00590059800F06AF937
:109650000490049808B9FFE725E00598B0F85C107D
:10966000D0F8800000684068081A03900498C06829
:109670000599B1F85C10B0FBF1F202FB110001900A
:1096800003980199401A029002980499CA681044FC
:10969000C860049800680599896D019A1144029A7E
:1096A000FFF7AEFDFFE706B080BD000080B586B0D5
:1096B00040F21861C2F2000104910390132002905D
:1096C000039818B1FFE7029818B9FFE7002005904A
:1096D00011E0049800F026F90190019818B9FFE70D
:1096E0000020059007E0019800680399029AFFF7AF
:1096F000F9FC0590FFE7059806B080BD80B584B001
:1097000040F21860C2F20000039000208DF80B00B8
:109710008DF80A000398D0F888008006002803D44A
:10972000FFE7F8F72DFAFFE70398006844F20041DD
:10973000C4F2000188422FD0FFE744F60001C4F2D2
:10974000000188422ED0FFE744F60041C4F2000138
:1097500088422DD0FFE745F20001C4F200018842A3
:109760002CD0FFE748F20001C4F20001884207D084
:10977000FFE743F60001C4F20101884206D023E06E
:1097800001208DF80B008DF80A001EE001208DF8F5
:109790000B008DF80A0018E000208DF80B008DF802
:1097A0000A0012E000208DF80B008DF80A000CE092
:1097B00000208DF80B008DF80A0006E000208DF8DF
:1097C0000B008DF80A0000E0FFE79DF80B00C007D2
:1097D000A0B3FFE7039800F0A5F801900398D0F834
:1097E000800038B3FFE7019820B3FFE701980069D4
:1097F000F6F7D0FD0199886001984069F6F7CAFD37
:1098000001994860019948684969FFF70FFC01997F
:10981000086003980068016841F010010160039836
:109820000068102101620398019A9168128AFBF77F
:10983000DFFF02E0F8F7A4F9FFE7FFE79DF80A0071
:10984000C007B0B1FFE7039800F092F800900398CA
:10985000C06F50B1FFE7009838B1FFE7009880680B
:10986000F6F798FD0099086002E0F8F789F9FFE73C
:10987000FFE704B080BD000082B010B586B0099348
:10988000089240F21860C2F2000004904BF68C502F
:10989000C0F6000003900498D0F8880080060028E5
:1098A00003D4FFE70020059037E0FFE70498006845
:1098B000C06900F040000021B1EB901F01D1FFE72B
:1098C000F4E708A80090039A009B40F6AC24C2F28B
:1098D000000420464FF48071F6F7C8FD0290204640
:1098E000F6F7E2FDADF806000498C06F30B1FFE76F
:1098F0000498BDF80610FCF789F80BE00498BDF851
:10990000062040F6AC21C2F200014FF47A73FBF757
:10991000DBFFFFE702980590FFE706B0BDE81040C7
:1099200002B0704782B000900098006848F20001D1
:10993000C4F20001884207D0FFE743F60001C4F2F9
:109940000101884206D00BE040F20400C2F20000A0
:10995000019009E040F22800C2F20000019003E00B
:10996000FFE700200190FFE7019802B07047000078
:1099700082B000900098006848F20001C4F2000133
:10998000884207D0FFE743F60001C4F20101884294
:1099900006D00BE040F21C00C2F20000019009E08A
:1099A00040F24000C2F20000019003E0FFE7002017
:1099B0000190FFE7019802B07047000082B001906B
:1099C000019800690090019841688068886001985A
:1099D000416880684160009840680199884205D1DB
:1099E000FFE7019880680099486000E0FFE7019870
:1099F0000021016100980168013901600098006848
:109A000002B0704742F6B830C2F2000000687047FA
:109A100080B582B001900091019A009B40F2BC0099
:109A2000C2F200004BF65E51C0F60001F6F714FDDD
:109A300002B080BD81B00090009800F10801416043
:109A400000984FF0FF318160009800F10801C1607B
:109A5000009800F10801016100980021016001B047
:109A60007047000081B0009000980021016101B0B2
:109A70007047000084B00390029102980068009043
:109A80000098013020B9FFE703980069019010E0C9
:109A9000039808300190FFE701984068006800993A
:109AA000884205D8FFE7FFE7019840680190F3E797
:109AB000FFE7019840680299486002984168886011
:109AC0000198029988600298019948600398029968
:109AD0000861039801680131016004B0704700001B
:109AE00083B042F6B041C2F20001029101900298A7
:109AF000406800900098019948600098806801993A
:109B00008860019800998968486001980099886088
:109B1000029801990861029801680131016003B05F
:109B200070470000DFF80C00016841F4700101602B
:109B30007047000088ED00E080B582B04FF0500023
:109B400080F31188BFF36F8FBFF34F8F019040F206
:109B50005000C2F200000168013101600068012874
:109B600012D1FFE74EF60450CEF200000068000666
:109B700048B1FFE74BF66060C0F600004FF4F471A7
:109B8000FFF746FFFFE7FFE702B080BD80B582B078
:109B900040F25000C2F20000006848B9FFE74BF6FF
:109BA0006060C0F6000040F2EF11FFF731FFFFE701
:109BB00040F25000C2F20000016801390160006803
:109BC00030B9FFE700200190019880F31188FFE78A
:109BD00002B080BD80B584B00390039802900398D2
:109BE00000284ED0FFE702980838029002980190B2
:109BF0000198C0790021B1EBD01F09D1FFE74BF6E6
:109C0000BD50C0F6000040F22F11FFF701FFFFE743
:109C10000198006848B1FFE74BF6BD50C0F6000060
:109C20004FF49871FFF7F4FEFFE70198C079002127
:109C3000B1EBD01F23D0FFE701980068E8B9FFE738
:109C40000198416821F00041416000F0B5FA0198A7
:109C5000406842F61C41C2F200010A6810440860E4
:109C60000198FEF73FFD42F63440C2F20000016861
:109C70000131016001F010FA00E0FFE700E0FFE7CA
:109C8000FFE704B080BD00004EF21000CEF20000ED
:109C9000002101604EF21802CEF20002116040F283
:109CA0000001C2F20001096844F6D352C1F2620217
:109CB000A1FB02124FF0FF3101EB92114EF21402A0
:109CC000CEF20002116007210160704780B582B0BA
:109CD000EFF305800190019810281CD3FFE701984D
:109CE0004EF2F031CEF20001405C8DF803009DF899
:109CF000030042F6AC31C2F200010978884209DA69
:109D0000FFE74BF66060C0F6000040F27A31FFF7E3
:109D10007FFEFFE7FFE74EF60C50CEF20000006832
:109D200000F4E06042F6B031C2F2000109688842F6
:109D300009D9FFE74BF66060C0F6000040F28A31B7
:109D4000FFF766FEFFE702B080BD000080B584B07B
:109D500003904BF6B850C0F600000290002000902F
:109D6000039848B9FFE74BF6F350C0F6000040F601
:109D7000C931FFF74DFEFFE70298D0B3FFE700209F
:109D80000190FFE70198072831D8FFE70398019970
:109D900042F65042C2F2000202EBC1014968884219
:109DA00009D1FFE7019842F65041C2F2000101EBF0
:109DB000C00000901CE0009890B9FFE7019842F6BF
:109DC0005041C2F2000151F8300048B9FFE7019854
:109DD00042F65041C2F2000101EBC000009000E0E9
:109DE000FFE7FFE7FFE7019801300190CAE7FFE7CF
:109DF000FFE7009838B1FFE70298009908600398E0
:109E000000994860FFE704B080BD000080B584B0D1
:109E100003900291019203980090FFF78DFE009845
:109E200090F94400013028B9FFE70098002180F83C
:109E30004410FFE7009890F94500013028B9FFE78A
:109E40000098002180F84510FFE7FFF79FFE00987B
:109E5000806B38B9FFE7009824300299019A00F02E
:109E600027F900E0FFE70098FEF76CFF04B080BD23
:109E700080B582B00190002000900198D8B1FFE732
:109E800000F09AF942F6C030C2F2000000680128E2
:109E900009D0FFE74BF61760C0F6000040F68E11C0
:109EA000FFF7B6FDFFE701980021FDF7B5FF01F0D0
:109EB000F3F8009000E0FFE7009860B9FFE74EF686
:109EC0000450CEF200004FF080510160BFF34F8F7D
:109ED000BFF36F8F00E0FFE702B080BD80B584B0B4
:109EE000039000200190FFF727FE039830B9FFE7A9
:109EF00040F2DC70C2F20000006801E00398FFE766
:109F0000029002980430FFF759FDE8B9FFE7FFE738
:109F10000298C06A00EB800040F2F471C2F20001C6
:109F200051F8200070B9FFE70298C06A012101FAD8
:109F300000F042F6C831C2F200010A6822EA0000CD
:109F40000860FFE7FFE700E0FFE70298806A28B1BA
:109F5000FFE702981830FFF731FD00E0FFE742F617
:109F6000C430C2F20000016801310160029840F281
:109F7000DC71C2F200010968401AB0FA80F04009B1
:109F8000009042F69040C2F20000006888B1FFE7FE
:109F9000009870B1FFE702980430FFF7A1FD42F688
:109FA000BC30C2F200000168013101600120019063
:109FB00009E042F6B830C2F20000016801390160E0
:109FC000FEF722FEFFE7FFF7E1FD0198012804D02C
:109FD000FFE70298FEF7E8F9FFE742F69040C2F289
:109FE0000000006838B3FFE7029840F2DC71C2F26B
:109FF0000001096888421CD1FFE742F6C030C2F276
:10A000000000006848B1FFE74BF61760C0F600009B
:10A0100040F61411FFF7FCFCFFE74EF60450CEF2B9
:10A0200000004FF080510160BFF34F8FBFF36F8F7F
:10A0300000E0FFE7FFE704B080BD000081B00090C2
:10A0400042F62C40C2F2000000680099086042F617
:10A05000C440C2F2000000680099486001B0704737
:10A0600042F6D040C2F200000121016070470000BA
:10A0700080B582B001900091019848B9FFE74BF696
:10A080001760C0F600004FF4A451FFF7C1FCFFE7D2
:10A09000019840F2DC71C2F2000109681831FFF743
:10A0A000E9FC00980121FDF7B7FE02B080BD000079
:10A0B00080B584B0039002910192039848B9FFE7FC
:10A0C0004BF61760C0F6000041F2BE41FFF7A0FC5E
:10A0D000FFE7FFE7039840680090009840F2DC71CA
:10A0E000C2F200010A68D061009880680A681062B4
:10A0F00008681830009A9268506008681830009A12
:10A1000090600398096888620398016801310160D2
:10A11000FFE7019820B1FFE74FF0FF300290FFE723
:10A1200002980199FDF778FE04B080BD80B582B039
:10A13000FEF7ACF800900098012804D1FFE701F089
:10A14000D1F8009000E0FFE7009801281FD1FFE759
:10A150004FF0500080F31188BFF36F8FBFF34F8F24
:10A16000019042F62840C2F200004FF0FF3101603A
:10A1700042F69040C2F200000121016042F6C44064
:10A18000C2F200000021016000F084F80DE00098A8
:10A19000013048B9FFE74BF61760C0F6000040F603
:10A1A000A961FFF735FCFFE7FFE74BF6B860C0F6A3
:10A1B0000000006802B080BD42F6C030C2F200006C
:10A1C000016801310160704780B584B042F6C0304B
:10A1D000C2F20000006838B1FFE742F6D040C2F298
:10A1E00000000121016053E042F6D040C2F20000BD
:10A1F00000210160FFE742F6C830C2F200000068AB
:10A2000003900398B0FA80F08DF80B009DF80B00D6
:10A21000C0F11F000190019800EB800040F2F47142
:10A22000C2F2000151F8200048B9FFE74BF6176071
:10A23000C0F6000041F2FA31FFF7EAFBFFE7FFE763
:10A24000019800EB800040F2F471C2F2000101EBD2
:10A25000800000900098416849684160009841681A
:10A260000830814204D1FFE70098C1684160FFE7F0
:10A2700000984068C06840F2DC71C2F200010860DA
:10A28000FFE7FFE740F2DC70C2F200000068FFE782
:10A2900004B080BD10B586B04EF60050CEF200007E
:10A2A00000684CF27121C4F20F11884209D1FFE716
:10A2B0004BF66060C0F6000040F23711FFF7A8FBD4
:10A2C000FFE74EF60050CEF2000000684CF270211D
:10A2D000C4F20F11884209D1FFE74BF66060C0F667
:10A2E00000004FF49C71FFF793FBFFE74EF6085018
:10A2F000CEF20000006805900598C06A46F2C15190
:10A30000C0F60001884209D0FFE74BF66060C0F656
:10A31000000040F25711FFF77BFBFFE70598806BC9
:10A3200046F2C141C0F60001884209D0FFE74BF672
:10A330006060C0F600004FF4AC71FFF769FBFFE707
:10A34000002003904EF20040CEF20000029001780F
:10A350008DF81310FF21017000788DF807009DF82B
:10A36000070000F0500042F6AC31C2F20001087064
:10A37000087848B9FFE74BF66060C0F6000040F28D
:10A380007B11FFF745FBFFE79DF80700C04310F086
:10A39000500F09D0FFE74BF66060C0F6000040F2B6
:10A3A0007F11FFF735FBFFE7FFE79DF80700000689
:10A3B000002809D5FFE70398013003909DF80700B6
:10A3C00040008DF80700F0E70398082807D1FFE761
:10A3D00042F6B030C2F200000021016008E00398AC
:10A3E000C0F1070042F6B031C2F200010860FFE799
:10A3F00042F6B030C2F20000016809020160016853
:10A4000001F4E06101609DF813004EF20041CEF2CC
:10A41000000108704EF62050CEF20000016841F4B1
:10A420007F010160016841F07F4101604EF61C50E0
:10A43000CEF2000000240460FFF726FC40F250003A
:10A44000C2F200000460FFF76DFB4EF63470CEF2EE
:10A450000000016841F040410160FEF771FAFFF72A
:10A46000B3FEFEF73BFC06B010BD000080B582B025
:10A470004FF0500080F31188BFF36F8FBFF34F8F01
:10A48000009000F063FB40B1FFE74EF60450CEF2BF
:10A4900000004FF08051016000E0FFE700200190D4
:10A4A000019880F3118802B080BD000080B588B0AB
:10A4B00005210791069000208DF817000490079859
:10A4C00078B3FFE707984FF0FF31B1FBF0F0069942
:10A4D000884226D3FFE707980699484310F1550FA5
:10A4E0001FD8FFE707980699484303900398543014
:10A4F000FEF790FC0490049888B1FFE7049802905E
:10A5000002985430029007980699029A9DF81730E5
:10A51000DDF810C0CDF800C0FDF7E6FF00E0FFE772
:10A520000CE0049848B9FFE74BF6F350C0F6000082
:10A5300040F22A21FFF76CFAFFE7FFE7049808B022
:10A5400080BD000080B584B003900120029001908E
:10A5500003980090009848B9FFE74BF6F350C0F617
:10A56000000040F23711FFF753FAFFE70098002888
:10A5700056D0FFE70098C06B002851D0FFE7009845
:10A58000C16B006C4FF0FF32B2FBF1F1814247D357
:10A59000FFE7FFF7D1FA00980168C26B036C02FB7A
:10A5A0000311816000980021816300980168416077
:10A5B00000980168C26B036C013A02FB0311C16091
:10A5C0000098FF2180F84410009880F84510029808
:10A5D000D0B9FFE700980069A0B1FFE700981030FC
:10A5E00000F08AFC60B1FFE74EF60450CEF20000A6
:10A5F0004FF080510160BFF34F8FBFF36F8F00E0CA
:10A60000FFE700E0FFE708E000981030FFF712FADC
:10A6100000982430FFF70EFAFFE7FFF7B7FA02E0E1
:10A6200000200190FFE7019848B9FFE74BF6F3508F
:10A63000C0F600004FF4B671FFF7EAF9FFE704B087
:10A6400080BD000080B58EB00A9040F67420C2F242
:10A65000000009900020089007900A980490049840
:10A6600048B9FFE74BF6F350C0F600004FF4926193
:10A67000FFF7CEF9FFE70999002031B9FFE7049809
:10A68000006C002818BF0120FFE7C00748B1FFE7B2
:10A690004BF6F350C0F6000040F29141FFF7B8F9D5
:10A6A000FFE707990020022906D1FFE70498C06B55
:10A6B000013818BF0120FFE7C00748B1FFE74BF69C
:10A6C000F350C0F6000040F29241FFF7A1F9FFE716
:10A6D000FFF7FCFAEFF311804FF0500181F311887E
:10A6E000BFF36F8FBFF34F8F0C900B910C980590B9
:10A6F0000498806B0499C96B884204D3FFE70798DC
:10A7000002286BD1FFE7049890F845008DF80F0000
:10A710000498806B029004980999079AFDF750FD00
:10A720009DF90F000130A8BBFFE70498806CC8B109
:10A73000FFE70798022804D1FFE7029808B1FFE776
:10A740000FE00498FEF78AF848B1FFE7089820B1B7
:10A75000FFE708980121016000E0FFE700E0FFE764
:10A76000FFE716E00498406A88B1FFE704982430B8
:10A7700000F0C2FB48B1FFE7089820B1FFE7089856
:10A780000121016000E0FFE700E0FFE700E0FFE7F4
:10A79000FFE720E0FFE7FFF735F901909DF90F0093
:10A7A0000199884215D2FFE79DF90F007F2809D152
:10A7B000FFE74BF6F350C0F6000040F21E51FFF7E2
:10A7C00027F9FFE79DF80F000130049981F8450053
:10A7D000FFE7FFE7FFE70120069002E00020069078
:10A7E000FFE705980D900D9880F311880EB080BD9D
:10A7F00080B58AB0089007910692002005900898CD
:10A800000290029848B9FFE74BF6F350C0F60000FB
:10A8100040F2E951FFF7FCF8FFE70799002031B952
:10A82000FFE70298006C002818BF0120FFE7C0076F
:10A8300048B1FFE74BF6F350C0F6000040F2ED518F
:10A84000FFF7E6F8FFE700F05BF9002128B9FFE722
:10A850000699002918BF0121FFE7C80748B1FFE7A3
:10A860004BF6F350C0F6000040F2F251FFF7D0F87B
:10A87000FFE7FFE7FFF760F90298806B019001980E
:10A8800030B3FFE702980799FDF778FC019801388B
:10A890000299886302980069A0B1FFE7029810301E
:10A8A00000F02AFB60B1FFE74EF60450CEF2000044
:10A8B0004FF080510160BFF34F8FBFF36F8F00E007
:10A8C000FFE700E0FFE7FFF761F9012009906DE085
:10A8D000069828B9FFE7FFF759F90020099065E0CD
:10A8E000059830B9FFE703A8FFF7A8FB0120059002
:10A8F00000E0FFE7FFE7FFE7FFF748F9FFF75CFC41
:10A90000FFF71AF9029890F94400013028B9FFE7DF
:10A910000298002180F84410FFE7029890F9450062
:10A92000013028B9FFE70298002180F84510FFE7C1
:10A93000FFF72CF903A806A900F03CF830BBFFE7AD
:10A940000298FDF777FFD0B1FFE70298243006990F
:10A95000FFF78EFB0298FEF7F5F900F09DFB60B95A
:10A96000FFE74EF60450CEF200004FF08051016038
:10A97000BFF34F8FBFF36F8F00E0FFE705E0029852
:10A98000FEF7E0F900F088FBFFE70EE00298FEF723
:10A99000D9F900F081FB0298FDF74CFF18B1FFE7F1
:10A9A0000020099002E0FFE7FFE763E709980AB09B
:10A9B00080BD000080B586B005900491059848B927
:10A9C000FFE74BF61760C0F6000041F2A551FFF714
:10A9D0001FF8FFE7049848B9FFE74BF61760C0F689
:10A9E000000041F2A651FFF713F8FFE7FFF7A4F8C4
:10A9F00042F6C440C2F20000006802900298059935
:10AA00004968401A019040F2DC70C2F20000006810
:10AA100090F8590058B1FFE740F2DC70C2F2000034
:10AA20000068002180F859100120039037E0049855
:10AA30000068013018B9FFE7002003902EE042F6CD
:10AA40002C40C2F2000000680599096888420CD0C9
:10AA5000FFE7029805994968884206D3FFE701207D
:10AA6000039004980021016017E001980499096897
:10AA700088420BD2FFE7019804990A68101A08600F
:10AA80000598FFF7DBFA0020039005E00498002109
:10AA9000016001200390FFE7FFE7FFE7FFE7FFF713
:10AAA00075F8039806B080BD80B58AB0DDF830C077
:10AAB00009900891ADF81E20002006900593099892
:10AAC0000899BDF81E20069BDDF814C0DDF830E0C3
:10AAD000CDF804E0CDF800C0FDF722FC0490049806
:10AAE00030B1FFE70498FDF72FFA0120039003E04F
:10AAF0004FF0FF300390FFE703980AB080BD0000DD
:10AB000081B042F69040C2F20000006818B9FFE739
:10AB1000012000900DE042F6C030C2F20000006853
:10AB200018B9FFE70220009002E000200090FFE744
:10AB3000FFE7009801B0704781B042F6C440C2F20E
:10AB4000000000680090009801B0704780B588B0A0
:10AB50000020059042F6C030C2F2000000680028D4
:10AB600040F02181FFE742F6C440C2F200000168D4
:10AB70000131049104990160049858BBFFE7FFE795
:10AB800040F2E470C2F200000068006848B1FFE7DC
:10AB90004BF61760C0F6000041F25F21FEF738FF68
:10ABA000FFE740F2E470C2F200000168039140F256
:10ABB000EC71C2F200010A6802600398086042F674
:10ABC0002C40C2F20000016801310160FEF71CF860
:10ABD000FFE700E0FFE7049842F62841C2F20001D7
:10ABE00009688842C0F0BE80FFE7FFE740F2E470EA
:10ABF000C2F200000068006840B9FFE742F6284052
:10AC0000C2F200004FF0FF310160AAE040F2E470B0
:10AC1000C2F200000068C068C068079007984068EA
:10AC2000069004980699884207D2FFE7069842F6F4
:10AC30002841C2F20001086093E0FFE7FFE70798B0
:10AC40004069029007988168C068886007988168A9
:10AC5000C06841600298406807990431884205D174
:10AC6000FFE70798C06802994860FFE7079800214E
:10AC700041610298016801390160FFE70798806A25
:10AC800008B3FFE7FFE70798806A01900798C1695A
:10AC9000006A88600798C169006A4160019840684D
:10ACA00007991831884205D1FFE70798006A019992
:10ACB0004860FFE707980021816201980168013927
:10ACC0000160FFE700E0FFE7FFE70798C06A0121A6
:10ACD00001FA00F042F6C831C2F200010A681043DE
:10ACE0000860FFE70798C06A00EB800140F2F4704B
:10ACF000C2F2000000EB8101496800910099079AB7
:10AD0000916000998968079AD16007990431009A87
:10AD10009268516007990431009A91600799CA6A54
:10AD200002EB820200EB82024A610799C96A01EBD9
:10AD3000810150F82120013240F82120FFE7FFE790
:10AD40000798C06A40F2DC71C2F200010968C96A62
:10AD5000884203D9FFE70120059000E0FFE7FFE705
:10AD600044E7FFE740F2DC70C2F200000068C06A0E
:10AD700000EB800040F2F471C2F2000151F82000B3
:10AD8000022803D3FFE70120059000E0FFE742F629
:10AD9000D040C2F20000006818B1FFE70120059022
:10ADA00000E0FFE707E042F63840C2F20000016829
:10ADB00001310160FFE7059808B080BD80B584B01F
:10ADC000039003980290002001900398002800F05F
:10ADD0008F80FFE7029840F2DC71C2F2000109683F
:10ADE000884209D0FFE74BF61760C0F6000041F635
:10ADF0002821FEF70DFEFFE70298006D48B9FFE736
:10AE00004BF61760C0F6000041F62921FEF700FE60
:10AE1000FFE70298016D013901650298C16AC06CB3
:10AE2000814263D0FFE70298006D00285CD1FFE704
:10AE300002980430FEF7C2FD70B9FFE70298C06ABD
:10AE4000012101FA00F042F6C831C2F200010A689D
:10AE500022EA0000086000E0FFE70298C16CC162CE
:10AE60000298C16AC1F120018161FFE70298C06ABE
:10AE7000012101FA00F042F6C831C2F200010A686D
:10AE800010430860FFE70298C06A00EB800140F2BF
:10AE9000F470C2F2000000EB810149680091009952
:10AEA000029A916000998968029AD16002990431EE
:10AEB000009A9268516002990431009A9160029957
:10AEC000CA6A02EB820200EB82024A610299C96AF5
:10AED00001EB810150F82120013240F82120FFE7E9
:10AEE000FFE70120019000E0FFE700E0FFE700E05E
:10AEF000FFE7019804B080BD80B588B0079007983F
:10AF0000C068C0680690069848B9FFE74BF617601E
:10AF1000C0F6000041F2F541FEF77AFDFFE7FFE7DA
:10AF20000698806A04900698C169006A886006984D
:10AF3000C169006A416004984068069918318842E6
:10AF400005D1FFE70698006A04994860FFE7069874
:10AF5000002181620498016801390160FFE742F62F
:10AF6000C030C2F20000006800285DD1FFE7FFE7B3
:10AF700006984069039006988168C06888600698C2
:10AF80008168C0684160039840680699043188422E
:10AF900005D1FFE70698C06803994860FFE7069867
:10AFA000002141610398016801390160FFE7FFE773
:10AFB0000698C06A012101FA00F042F6C831C2F2D7
:10AFC00000010A6810430860FFE70698C06A00EBBA
:10AFD000800140F2F470C2F2000000EB8101496888
:10AFE00002910299069A916002998968069AD16045
:10AFF00006990431029A9268516006990431029AC6
:10B0000091600699CA6A02EB820200EB82024A61F1
:10B010000699C96A01EB810150F82120013240F8FC
:10B020002120FFE7FFE71DE0FFE742F63C40C2F2C8
:10B030000000416801910199069AD16101998968DE
:10B04000069A116206991831019A92685160069920
:10B050001831019A91600699886201680131016096
:10B06000FFE7FFE70698C06A40F2DC71C2F2000118
:10B070000968C96A884208D9FFE70120059042F6AD
:10B08000D041C2F20001086002E000200590FFE715
:10B09000059808B080BD000010B588B00024079462
:10B0A0000694FEF749FD059442F6C030C2F2000056
:10B0B000006848B9FFE74BF61760C0F6000040F69D
:10B0C0008B71FEF7A5FCFFE742F6C030C2F200002C
:10B0D0000168013901600068002840F0FC80FFE74A
:10B0E00042F6B830C2F200000068002800F0F2809A
:10B0F000FFE7FFE742F63C40C2F20000006800288C
:10B1000000F09A80FFE742F63C40C2F20000C068BF
:10B11000C0680790FFE70798806A04900798C169A4
:10B12000006A88600798C169006A416004984068B5
:10B1300007991831884205D1FFE70798006A0499FA
:10B140004860FFE70798002181620498016801398F
:10B150000160FFE7FFE7079840690390079881685F
:10B16000C068886007988168C0684160039840683B
:10B1700007990431884205D1FFE70798C068039911
:10B180004860FFE707980021416103980168013991
:10B190000160FFE7FFE70798C06A012101FA00F0AC
:10B1A00042F6C831C2F200010A6810430860FFE7A6
:10B1B0000798C06A00EB800140F2F470C2F2000010
:10B1C00000EB8101496802910299079A9160029906
:10B1D0008968079AD16007990431029A9268516090
:10B1E00007990431029A91600799CA6A02EB8202B8
:10B1F00000EB82024A610799C96A01EB810150F8AC
:10B200002120013240F82120FFE7FFE70798C06ABC
:10B2100040F2DC71C2F200010968C96A884209D9AA
:10B22000FFE7059842F6D041C2F20001012241F841
:10B23000202000E0FFE75DE7079818B1FFE7FDF782
:10B24000E3FCFFE742F63840C2F2000000680190DC
:10B250000198F0B1FFE7FFE7FFF778FC48B1FFE79F
:10B26000059842F6D041C2F20001012241F82020A7
:10B2700000E0FFE7019801380190FFE701980028FE
:10B28000EAD1FFE742F63840C2F200000021016037
:10B2900000E0FFE7059842F6D041C2F2000151F804
:10B2A0002000A8B1FFE701200690FFE740F2DC7024
:10B2B000C2F2000000684EF60450CEF200004FF0DB
:10B2C00080510160BFF34F8FBFF36F8FFFE700E046
:10B2D000FFE7FFE700E0FFE7FEF758FC069808B03D
:10B2E00010BD000080B582B000200190FCF7DCFEAC
:10B2F00042F6C840C2F200000068A0B1FFE742F683
:10B30000CC40C2F20000009048F62550C0F6000084
:10B310004BF69961C0F600014FF480721F23FFF7CE
:10B32000C3FB019000E0FFE7019848B9FFE74BF647
:10B330003B60C0F600004FF4A371FEF769FBFFE726
:10B34000019802B080BD5FEA400C08BF91F0000F89
:10B350004FEA8C234FEAC12243EA51514FEA1C5075
:10B3600018BF00F5F0404FEA300018BF41F000412F
:10B370005FEA6C5C00F02980BCF1FF3F08BF40F041
:10B3800080407047130C06BF12044FF0100C4FF0B2
:10B39000000C130E04BF12020CF1080C130F04BFB3
:10B3A00012010CF1040C930F04BF92000CF1020C7B
:10B3B000D30F04BF52000CF1010C11464FF00002F4
:10B3C000A0F11F00A0EB0C00704711F0004F08BF68
:10B3D000704731F000413FF4D5AF0B0C06BF0904B4
:10B3E0004FF0100C4FF0000C0B0E04BF09020CF1D3
:10B3F000080C0B0F04BF09010CF1040C8B0F04BFE8
:10B4000089000CF1020CCB0F04BF49000CF1010CB8
:10B41000CCF1200322FA03F341EA030102FA0CF211
:10B42000A0EB0C0000F101007047000023F07F4703
:10B4300020F07F4C80EA030000F00040ACEB0703F3
:10B4400003F57C5303F1FF032DE9804909B44FEA6A
:10B45000144324EA03484FEA154B25EA0B4E0FF23A
:10B46000042606EB13273E7803FB0667C7F50007A3
:10B4700007FB06F64FEAD64606F102064FEA5437B6
:10B4800007FB066CCCF1005C4FEA1C472CEA074C2A
:10B490000CFB06F507FB06F404EB15464FEA96167F
:10B4A00049085FEA320234BF00204FF000404FEA03
:10B4B000D13706FB07FC4FEA1C4C0CFB0BF7D21BE9
:10B4C00003FB0CF761EB07010CFB0EF7B0EB074039
:10B4D00072EB17420CFB08F734BFA2EB0742B2EB4A
:10B4E000074261EB17414FEA0C444FEA910706FB14
:10B4F00007FC4FEA1C4C0CFB0BF7B0EBC74072EBA0
:10B50000573203FB0CF734BFA2EBC742B2EBC74282
:10B5100061EB57310CFB0EF7B0EBC70072EB5772C3
:10B520000CFB08F734BFA2EBC702B2EBC70261EB1A
:10B5300057714FEA816141EA92114FEA826242EA11
:10B5400090124FEA806004EBCC04039F4FEAD1379E
:10B5500006FB07FC4FEA1C4C0CFB0BF7D21B03FB52
:10B560000CF761EB07010CFB0EF7B0EB074072EB39
:10B5700017420CFB08F734BFA2EB0742B2EB0742BD
:10B5800061EB17414FEA8C5504EB9C244FEA91077D
:10B5900006FB07FC4FEA1C4C0CFB0BF7B0EBC7405B
:10B5A00072EB573203FB0CF734BFA2EBC742B2EB8E
:10B5B000C74261EB57310CFB0EF7B0EBC70072EBE3
:10B5C00057720CFB08F734BFA2EBC702B2EBC702FD
:10B5D00061EB57714FEA816141EA92114FEA826251
:10B5E00042EA90124FEA806015EB4C2544F10004CA
:10B5F0004FEAD13706FB07FC4FEA1C4C0CFB0BF75C
:10B60000D21B03FB0CF761EB07010CFB0EF7B0EB51
:10B61000074072EB17420CFB08F734BFA2EB07425E
:10B62000B2EB074261EB17414FEA813141EA9241A7
:10B630004FEA823242EA90424FEA80304FEA0C767B
:10B6400015EB1C1544F1000448EA03434EEA0B488D
:10B650004FF0000EB2EB080C71EB030724BF6246FB
:10B6600039464EEB0E0E4FF0000B00185241494187
:10B670004BEB0B0BB2EB080C71EB03077BF1000BF0
:10B6800024BF624639464EEB0E0E4FF0000B0018F9
:10B69000524149414BEB0B0BB2EB080C71EB03072A
:10B6A0007BF1000B24BF624639464EEB0E0E51EA89
:10B6B000020718BF46F0010616EB0E7655F10002A0
:10B6C00054F1000103D5BDE88901BDE80088BDE85B
:10B6D0008901BDE80048B619524141EB0101A3F1CF
:10B6E0000103704780807F7E7D7C7B7A79787776D6
:10B6F00076757473727171706F6E6E6D6C6C6B6A4F
:10B700006A696868676666656464636362616160EC
:10B71000605F5F5E5E5D5D5C5C5B5B5A5A59595869
:10B7200058575756565555555454535352525251D3
:10B73000515050504F4F4F4E4E4D4D4D4C4C4C4B29
:10B740004B4B4A4A4A494949484848474747474670
:10B7500046464545454444444443434343424242AC
:10B76000424141419C46002B30D477002BD04FEA18
:10B7700037071CB503B44FF010004FF01001BAF1B9
:10B78000000F06D0BCF1000FDCBF40F0080040F015
:10B7900008014FF000000FBCBDE810400BF1010B99
:10B7A000BBF1010F08BF5FEA170722BF12F10102C8
:10B7B00011F101014FF0004143F1000300F000409E
:10B7C00043EA00007047F9D35708D0E746EA064637
:10B7D0004FEA164613F1400F1FDD13F1200FDFBFB4
:10B7E00016430A46002120335B42BED0C3F1200736
:10B7F00046EA06464FEA164602FA07F746EA070601
:10B8000022FA03F2C3F1200701FA07F742EA07021E
:10B8100021FA03F14FF00003A7E746EA020646EAE1
:10B8200006464FEA164646EA0106BCBF46EA064609
:10B83000360C4FF000034FF000024FF0000194E788
:10B840002DE9804C70B49A46934691E8380007C8B9
:10B8500031EA400C48BF34EA430C03D5FFF7E6FD5C
:10B86000FFF780FFF0BCBDE8008C2DE9804C70B480
:10B870009A46934691E8380007C810F0804F08BFF9
:10B8800013F0804F03D100F005F8FFF76BFFF0BC19
:10B89000BDE8008C20F07F4723F07F4C80EA030056
:10B8A00000F0004007EB0C03A3F57C53A3F1FE036B
:10B8B00092F0000F00F0B38095F0000F00F0778059
:10B8C0002DE901494FEA114021EA00484FEA1446A8
:10B8D00024EA064700FB06FC08FB06F607FB08F80F
:10B8E00018EB06484CEB164C00FB07F718EB074823
:10B8F0004CEB17404FEA124B22EA0B4E4FEA15462B
:10B9000025EA06470BFB06FC0EFB06F607FB0EFEC0
:10B910001EEB064E4CEB164C0BFB07F71EEB074ECF
:10B920004CEB174B18EB0B0840F1000018EB0E0B1B
:10B9300058EB000840F100008F1A4FF000014FF063
:10B9400000063CBFC943661B14BFB5EB040C0021C5
:10B950003CBFC943F61B4FEA174427EA04454FEAA8
:10B960001C472CEA074C04FB076205FB07F70CFB9E
:10B9700005F616EB074642EB174204FB0CFC16EBF0
:10B980000C4642EB1C421BEB060658EB02024141FF
:10B990004EEA8E0E46EA9E0601D5BDE80189B6192B
:10B9A000524141EB0101A3F10103BDE801894FEAD6
:10B9B000144524EA05464FEA114721EA074C05FBE6
:10B9C00007F406FB07F70CFB06F111EB074144EB0C
:10B9D000174405FB0CFC11EB0C4144EB1C444FEAF3
:10B9E000124722EA074C05FB07F206FB07F70CFBA0
:10B9F00006F616EB074642EB174205FB0CFC16EB6E
:10BA00000C4642EB1C456A1854F1000148BF7047D0
:10BA1000B619524141EB0101A3F10103704795F0C2
:10BA2000000F37D04FEA114221EA02464FEA14478D
:10BA300024EA074C02FB07F106FB07F70CFB06F4B0
:10BA400014EB074441EB174102FB0CFC14EB0C44D4
:10BA500041EB1C414FEA154725EA074C02FB07F56D
:10BA600006FB07F70CFB06F616EB074645EB1745FA
:10BA700002FB0CFC16EB0C4645EB1C42121951F173
:10BA8000000148BF7047B619524141EB0101A3F1D3
:10BA9000010370474FEA144524EA05464FEA11476F
:10BAA00021EA074C05FB07F106FB07F70CFB06F242
:10BAB00012EB074241EB174105FB0CFC12EB0C4269
:10BAC00051EB1C414FF0000648BF7047921841EB04
:10BAD0000101A3F10103704703B4019841000098EC
:10BAE00050EAC12018BF04204A0D18BF40F00100E1
:10BAF00040F2FF72B2EB515F08BF40F00200012834
:10BB000008BF052002B0704730380A2801D2012052
:10BB1000704700207047000010B500290AD008784F
:10BB2000002807D005487844F5F74AFE002801D0E0
:10BB3000002010BD0248784410BD0000B60300008C
:10BB4000AE03000010B500290AD00878002807D0FD
:10BB500005487844F5F734FE002801D0002010BDD8
:10BB60000248784410BD0000A60300009E030000B8
:10BB7000F1EE100A4FF6FF71C0F2C03120EA010069
:10BB800040F04070E1EE100A7047F5F7AFB9F5F7F5
:10BB9000E3BA000000000000000000003031323342
:10BBA00034353637383941424344454640305800F1
:10BBB0003031323334353637383961626364656623
:10BBC000403078000400000800000000000000027F
:10BBD00000010000103031323334353637383961E6
:10BBE00062636465667870003031323334353637DD
:10BBF0003839414243444546585000000240000055
:10BC0000000000A00000000005400000000000C887
:10BC1000000000000C4000000000409C00000000FC
:10BC2000194000000020BCBE0000000034400000AD
:10BC3000BFC91B8E00000004B5400000504BCFD0A0
:10BC40006607E2CF010000006C4100003E8251AA6D
:10BC5000DFEEA73401000000D9420000DCB5A0E20D
:10BC60003A301F97FFFFFFFFB4450000FD25A0C835
:10BC7000E9A3C14FFFFFFFFFFF3F0000000000806E
:10BC800000000000FF3F00000000008000000000F6
:10BC9000010002000400060008000A000C00100069
:10BCA0002000400080000001000102030405060797
:10BCB000080C1014182030400000000000000000A4
:10BCC0000102030406070809000000000102030442
:10BCD0000101010307010000080402040801010139
:10BCE0004B45593020507265737365642E200A00ED
:10BCF0004B45593120507265737365642E200A00DC
:10BD00004B45593220507265737365642E200A00CA
:10BD100057616B6520557020507265737365642E92
:10BD2000200A0053544D33324634787820467265E9
:10BD30006552544F532070726F6A65637420746546
:10BD40006D706C6174652E52756E6E696E672074CD
:10BD5000696D653A202575206D732E200A004672A4
:10BD6000656552544F532061737365727420666128
:10BD7000696C65642E2046696C653A2025732C2019
:10BD80006C696E653A2025752E200A005265636540
:10BD9000697665643A2025732E0A007461736B31ED
:10BDA000007461736B32007461736B330074617380
:10BDB0006B340049444C4500546D7251002E2F5590
:10BDC0007365722F4D6964646C6577617265732F5A
:10BDD0004672656552544F532F706F727461626C76
:10BDE000652F4D656D4D616E672F686561705F34BD
:10BDF0002E63002E2F557365722F4D6964646C6538
:10BE000077617265732F4672656552544F532F7177
:10BE1000756575652E63002E2F557365722F4D69FC
:10BE200064646C6577617265732F46726565525400
:10BE30004F532F7461736B732E63002E2F557365F0
:10BE4000722F4D6964646C6577617265732F4672F9
:10BE5000656552544F532F74696D6572732E63007C
:10BE60002E2F557365722F4D6964646C657761720E
:10BE700065732F4672656552544F532F706F7274FD
:10BE800061626C652F4743432F41524D5F434D34F0
:10BE9000462F706F72742E6300546D722053766358
:10BEA0000073746172745F7461736B0043616E2020
:10BEB0006C697374000000001F00000008C00008D7
:10BEC00000000020580000001402000860C00008B4
:10BED00058000020805C0000300200081C000000B8
:10BEE00043000000F8FFFFFF0C0000000E00000000
:10BEF0000F0000002E0000001001000043000000B1
:10BF0000F8FFFFFF0040404040404040404041417A
:10BF1000414141404040404040404040404040401E
:10BF200040404040400502020202020202020202B8
:10BF300002020202022020202020202020202002B5
:10BF40000202020202029090909090901010101045
:10BF500010101010101010101010101010101010E1
:10BF60000202020202028888888888880808080875
:10BF70000808080808080808080808080808080841
:10BF80000202020240000000000000000000000069
:10BF900000000000000000000000000000000000A1
:10BFA0000000000000000000000000000000000091
:10BFB0000000000000000000000000000000000081
:10BFC0000000000000000000000000000000000071
:10BFD0000000000000000000000000000000000061
:10BFE0000000000000000000000000000000000051
:10BFF0000000000000000000000000000000000041
:10C0000000000000000000000024F4000000000018
:10C01000000000000000000000000000000100001F
:10C02000000100000000000000000000000100000E
:10C030000000000000000000000000000000000000
:10C0400000010000000100000000000000000000EE
:10C050000001000010000000AAAAAAAA0000000027
:04000005080001D915
:00000001FF
